date,adj close,close,high,low,open,volume,ticker,daily_rtn,excess_return,outlier_iqr,outlier_winsorize,outlier_z
2020-08-20,12.101113319396973,12.140999794006348,12.375,11.87874984741211,11.975000381469727,921388000,NVDA,0.0002060486714707821,-0.0029525840976640794,False,-0.0029525840976640794,False
2020-08-21,12.641834259033203,12.683500289916992,12.80875015258789,12.195249557495117,12.201749801635742,999868000,NVDA,0.04468356963234976,0.04124246258787334,False,0.04124246258787334,False
2020-08-24,12.678459167480469,12.720250129699707,12.912500381469727,12.507499694824219,12.883749961853027,490564000,NVDA,0.0028971198084719596,-0.007146598494536693,False,-0.007146598494536693,False
2020-08-25,12.708114624023438,12.75,12.761249542236328,12.573749542236328,12.630749702453613,289076000,NVDA,0.0023390426353253613,-0.0012573085179652388,False,-0.0012573085179652388,False
2020-08-26,12.731039047241211,12.77299976348877,12.868499755859375,12.677749633789062,12.799249649047852,321244000,NVDA,0.0018039200853947612,-0.008391706054089232,False,-0.008391706054089232,False
2020-08-27,12.586762428283691,12.628250122070312,12.850000381469727,12.566499710083008,12.781499862670898,317604000,NVDA,-0.011332666440040828,-0.013005710450944674,False,-0.013005710450944674,False
2020-08-28,13.104554176330566,13.147749900817871,13.14799976348877,12.642499923706055,12.675000190734863,537160000,NVDA,0.04113780259197908,0.0344052372366932,False,0.0344052372366932,False
2020-08-31,13.330561637878418,13.374500274658203,13.574999809265137,13.037750244140625,13.18274974822998,500840000,NVDA,0.01724648229209258,0.019441445006121327,False,0.019441445006121327,False
2020-09-01,13.779714584350586,13.821000099182129,13.993749618530273,13.43649959564209,13.479999542236328,511316000,NVDA,0.03369347508929499,0.02616847207268158,False,0.02616847207268158,False
2020-09-02,14.303645133972168,14.346500396728516,14.726750373840332,13.899999618530273,14.703749656677246,874012000,NVDA,0.03802187239905552,0.02265596224424793,False,0.02265596224424793,False
2020-09-03,12.976622581481934,13.01550006866455,13.884499549865723,12.87874984741211,13.828749656677246,945128000,NVDA,-0.09277513109846813,-0.05764928738312691,False,-0.03583109060278436,False
2020-09-04,12.584794044494629,12.6225004196167,13.175000190734863,11.704750061035156,12.7837495803833,1463684000,NVDA,-0.030194955160864234,-0.02206192789658934,False,-0.02206192789658934,False
2020-09-08,11.877412796020508,11.913000106811523,12.550000190734863,11.70425033569336,11.73449993133545,795728000,NVDA,-0.05620920342225022,-0.028452861319889222,False,-0.028452861319889222,False
2020-09-09,12.677018165588379,12.71500015258789,12.809249877929688,12.231749534606934,12.399999618530273,736200000,NVDA,0.06732151044171641,0.047176524104941775,False,0.04395068165593279,False
2020-09-10,12.27497386932373,12.311750411987305,13.065250396728516,12.166999816894531,12.989250183105469,698684000,NVDA,-0.031714421405184434,-0.014129624815005015,False,-0.014129624815005015,False
2020-09-11,12.128164291381836,12.16450023651123,12.65250015258789,11.895750045776367,12.48550033569336,636928000,NVDA,-0.011960072543110267,-0.012493144733704331,False,-0.012493144733704331,False
2020-09-14,12.833797454833984,12.872249603271484,13.3149995803833,12.631250381469727,13.081000328063965,1201744000,NVDA,0.05818136582743727,0.04543953673807977,False,0.04395068165593279,False
2020-09-15,12.952197074890137,12.991000175476074,13.298749923706055,12.827750205993652,13.279999732971191,727556000,NVDA,0.009225610772870318,0.004006251195181276,False,0.004006251195181276,False
2020-09-16,12.477116584777832,12.51449966430664,13.09274959564209,12.513750076293945,12.957249641418457,556384000,NVDA,-0.03667952914593331,-0.03206058254972177,False,-0.03206058254972177,False
2020-09-17,12.426270484924316,12.463500022888184,12.589750289916992,12.034749984741211,12.13224983215332,792512000,NVDA,-0.004075148253046557,0.004337217623355927,False,0.004337217623355927,False
2020-09-18,12.152837753295898,12.189249992370605,12.632499694824219,11.988750457763672,12.59375,698460000,NVDA,-0.022004408479611715,-0.010821826672201218,False,-0.010821826672201218,False
2020-09-21,12.479860305786133,12.517250061035156,12.522500038146973,11.904500007629395,11.925000190734863,721044000,NVDA,0.02690915151908002,0.03848024944988582,False,0.03848024944988582,False
2020-09-22,12.599998474121094,12.637749671936035,12.64799976348877,12.155500411987305,12.574999809265137,646452000,NVDA,0.009626563550495959,-0.0008913816103177652,False,-0.0008913816103177652,False
2020-09-23,12.087536811828613,12.123749732971191,12.72700023651123,12.07925033569336,12.575499534606934,647012000,NVDA,-0.04067156542479078,-0.016950110331762636,False,-0.016950110331762636,False
2020-09-24,12.311115264892578,12.347999572753906,12.569499969482422,12.013999938964844,12.072250366210938,731240000,NVDA,0.01849660990030455,0.01550915075734749,False,0.01550915075734749,False
2020-09-25,12.835293769836426,12.873749732971191,12.883500099182129,12.245750427246094,12.447500228881836,588016000,NVDA,0.04257766202860913,0.026600938252995032,False,0.026600938252995032,False
2020-09-28,12.996060371398926,13.03499984741211,13.051750183105469,12.75,13.040249824523926,573808000,NVDA,0.012525354264996125,-0.0035852359340877715,False,-0.0035852359340877715,False
2020-09-29,13.18624496459961,13.225749969482422,13.442749977111816,12.933250427246094,12.9375,621460000,NVDA,0.014634018907701662,0.019446683450946134,False,0.019446683450946134,False
2020-09-30,13.490084648132324,13.530500411987305,13.6225004196167,13.150250434875488,13.157500267028809,689184000,NVDA,0.023042168892540404,0.014788450664319663,False,0.014788450664319663,False
2020-10-01,13.573831558227539,13.614500045776367,13.762749671936035,13.460749626159668,13.758000373840332,525004000,NVDA,0.006208034440081001,0.0009151266707900785,False,0.0009151266707900785,False
2020-10-02,13.023231506347656,13.062250137329102,13.519499778747559,13.050999641418457,13.225000381469727,552496000,NVDA,-0.04056334790349936,-0.030985695724882967,False,-0.030985695724882967,False
2020-10-05,13.6017484664917,13.642499923706055,13.64424991607666,13.222749710083008,13.236000061035156,479820000,NVDA,0.044421920923548575,0.026449212247406484,False,0.026449212247406484,False
2020-10-06,13.695467948913574,13.736499786376953,14.142000198364258,13.664999961853027,13.829999923706055,784420000,NVDA,0.006890252576920997,0.02086376826914771,False,0.02086376826914771,False
2020-10-07,13.922287940979004,13.96399974822998,14.119250297546387,13.863499641418457,13.999750137329102,418084000,NVDA,0.016561682515085163,-0.0008350723541328264,False,-0.0008350723541328264,False
2020-10-08,13.797410011291504,13.838749885559082,14.084500312805176,13.758000373840332,14.074999809265137,378900000,NVDA,-0.008969641356140423,-0.016979764998635405,False,-0.016979764998635405,False
2020-10-09,13.721639633178711,13.762749671936035,13.824250221252441,13.660750389099121,13.767000198364258,346892000,NVDA,-0.005491637782075287,-0.014285170902690547,False,-0.014285170902690547,False
2020-10-12,14.183506965637207,14.22599983215332,14.347000122070312,13.912500381469727,13.989500045776367,434744000,NVDA,0.033659777169902316,0.017243964206254736,False,0.017243964206254736,False
2020-10-13,14.205689430236816,14.248250007629395,14.34850025177002,14.018750190734863,14.296500205993652,344604000,NVDA,0.0015639619068366084,0.007870880900921029,False,0.007870880900921029,False
2020-10-14,14.053145408630371,14.095250129699707,14.34274959564209,13.960000038146973,14.290499687194824,276100000,NVDA,-0.010738234307851036,-0.004115092554348276,False,-0.004115092554348276,False
2020-10-15,13.928269386291504,13.970000267028809,14.005749702453613,13.767749786376953,13.810750007629395,267224000,NVDA,-0.008885983792794039,-0.007358228486694318,False,-0.007358228486694318,False
2020-10-16,13.770244598388672,13.81149959564209,14.121500015258789,13.792499542236328,14.036749839782715,242392000,NVDA,-0.011345615418550392,-0.011480534976005763,False,-0.011480534976005763,False
2020-10-19,13.457430839538574,13.497750282287598,13.983499526977539,13.406749725341797,13.902999877929688,298068000,NVDA,-0.022716645054126516,-0.006386783275808439,False,-0.006386783275808439,False
2020-10-20,13.604737281799316,13.645500183105469,13.799750328063965,13.506999969482422,13.583499908447266,229212000,NVDA,0.010946104350612718,0.0062187702775025056,False,0.0062187702775025056,False
2020-10-21,13.484352111816406,13.524749755859375,13.791500091552734,13.477499961853027,13.625,219596000,NVDA,-0.008848768446559019,-0.006653068518458483,False,-0.006653068518458483,False
2020-10-22,13.321090698242188,13.361000061035156,13.611749649047852,13.231749534606934,13.522500038146973,290480000,NVDA,-0.012107471847398021,-0.017326397243790148,False,-0.017326397243790148,False
2020-10-23,13.549652099609375,13.590250015258789,13.593250274658203,13.291250228881836,13.449999809265137,233484000,NVDA,0.017157859408415188,0.013712098054712074,False,0.013712098054712074,False
2020-10-26,13.101999282836914,13.141249656677246,13.692749977111816,13.03849983215332,13.427000045776367,336896000,NVDA,-0.03303795650851926,-0.014448440213983615,False,-0.014448440213983615,False
2020-10-27,13.356732368469238,13.396750450134277,13.442000389099121,13.191499710083008,13.305999755859375,250520000,NVDA,0.019442306485699,0.02246792539769793,False,0.02246792539769793,False
2020-10-28,12.58928108215332,12.626999855041504,13.260000228881836,12.609000205993652,13.197999954223633,376520000,NVDA,-0.05745801182088617,-0.022170133060281372,False,-0.022170133060281372,False
2020-10-29,12.985095977783203,13.02400016784668,13.192749977111816,12.75,12.838500022888184,320080000,NVDA,0.03144062739142384,0.019493296497185453,False,0.019493296497185453,False
2020-10-30,12.496560096740723,12.534000396728516,12.93649959564209,12.300000190734863,12.850000381469727,416820000,NVDA,-0.03762281633330544,-0.02549326620312975,False,-0.02549326620312975,False
2020-11-02,12.543170928955078,12.580750465393066,12.836750030517578,12.395000457763672,12.657750129699707,299652000,NVDA,0.0037298930148395026,-0.008588309586432308,False,-0.008588309586432308,False
2020-11-03,12.980607986450195,13.019499778747559,13.104999542236328,12.602749824523926,12.708499908447266,272900000,NVDA,0.03487451936777197,0.017075229271337422,False,0.017075229271337422,False
2020-11-04,13.753045082092285,13.794249534606934,13.827500343322754,13.336999893188477,13.389249801635742,410228000,NVDA,0.05950700432894962,0.0374599566272662,False,0.0374599566272662,False
2020-11-05,14.117704391479492,14.15999984741211,14.33899974822998,13.991000175476074,14.162500381469727,319028000,NVDA,0.026514805063936553,0.007054610924973614,False,0.007054610924973614,False
2020-11-06,14.518501281738281,14.562000274658203,14.588749885559082,13.895000457763672,14.109749794006348,383348000,NVDA,0.028389664434444795,0.02867737962186334,False,0.02867737962186334,False
2020-11-11,13.37791919708252,13.418000221252441,13.4350004196167,12.948249816894531,13.053750038146973,404744000,NVDA,0.05074388490221726,0.043092029583456926,False,0.043092029583456926,False
2020-11-12,13.41655445098877,13.45674991607666,13.765999794006348,13.315999984741211,13.479000091552734,365812000,NVDA,0.0028879867890572175,0.012866519092934237,False,0.012866519092934237,False
2020-11-13,13.257279396057129,13.29699993133545,13.668749809265137,13.059249877929688,13.627249717712402,346312000,NVDA,-0.011871531958035808,-0.025481867367099342,False,-0.025481867367099342,False
2020-11-16,13.47488021850586,13.515250205993652,13.649499893188477,13.156000137329102,13.172499656677246,413776000,NVDA,0.016413686092596524,0.0047656348525841885,False,0.0047656348525841885,False
2020-11-17,13.382155418395996,13.422249794006348,13.5962495803833,13.303750038146973,13.552499771118164,312028000,NVDA,-0.006881307930479363,-0.0020893822323877487,False,-0.0020893822323877487,False
2020-11-18,13.388638496398926,13.428750038146973,13.60575008392334,13.1850004196167,13.465250015258789,510924000,NVDA,0.00048445693539145296,0.012048286546335496,False,0.012048286546335496,False
2020-11-19,13.400103569030762,13.440250396728516,13.487500190734863,13.100000381469727,13.212750434875488,565936000,NVDA,0.0008563284933653659,-0.00309011397405623,False,-0.00309011397405623,False
2020-11-20,13.048657417297363,13.087750434875488,13.494500160217285,13.0649995803833,13.454000473022461,341088000,NVDA,-0.026227122045954343,-0.019434559130774187,False,-0.019434559130774187,False
2020-11-23,13.100751876831055,13.140000343322754,13.382499694824219,13.01550006866455,13.171250343322754,361356000,NVDA,0.003992323337773884,-0.0016436072794423495,False,-0.0016436072794423495,False
2020-11-24,12.919044494628906,12.95775032043457,13.161999702453613,12.885000228881836,13.142499923706055,346500000,NVDA,-0.013869996463600098,-0.03003166473701635,False,-0.03003166473701635,False
2020-11-25,13.195218086242676,13.234749794006348,13.269499778747559,13.020000457763672,13.032500267028809,259916000,NVDA,0.021377245951013535,0.02296166418853851,False,0.02296166418853851,False
2020-11-27,13.221637725830078,13.261249542236328,13.407500267028809,13.170499801635742,13.375,167276000,NVDA,0.0020022131816788136,-0.00039476601647536746,False,-0.00039476601647536746,False
2020-11-30,13.361469268798828,13.40149974822998,13.412500381469727,12.972249984741211,13.265000343322754,286952000,NVDA,0.010575962363238212,0.015171511003409188,False,0.015171511003409188,False
2020-12-01,13.350006103515625,13.390000343322754,13.5287504196167,13.228249549865723,13.492250442504883,296948000,NVDA,-0.0008579270028312713,-0.012129114197607427,False,-0.012129114197607427,False
2020-12-02,13.50403881072998,13.544500350952148,13.673500061035156,13.23425006866455,13.350500106811523,283360000,NVDA,0.011538025227852966,0.009746858473027809,False,0.009746858473027809,False
2020-12-03,13.359930992126465,13.395999908447266,13.65999984741211,13.329000473022461,13.587499618530273,199520000,NVDA,-0.010671460636577201,-0.010047303423485698,False,-0.010047303423485698,False
2020-12-04,13.521743774414062,13.558250427246094,13.5600004196167,13.388750076293945,13.44849967956543,202244000,NVDA,0.012111797761751975,0.0032755226321401487,False,0.0032755226321401487,False
2020-12-07,13.570113182067871,13.606749534606934,13.731249809265137,13.5,13.601249694824219,223244000,NVDA,0.003577157536835962,0.005512795208273302,False,0.005512795208273302,False
2020-12-08,13.314054489135742,13.350000381469727,13.598750114440918,13.281499862670898,13.585000038146973,271920000,NVDA,-0.018869311515433473,-0.021656459580789766,False,-0.021656459580789766,False
2020-12-09,12.895933151245117,12.930749893188477,13.413999557495117,12.868249893188477,13.30049991607666,401300000,NVDA,-0.03140450853883858,-0.023455306934240028,False,-0.023455306934240028,False
2020-12-10,12.937322616577148,12.972249984741211,13.068750381469727,12.849499702453613,12.869000434875488,207764000,NVDA,0.0032094975095333655,0.004494605577795796,False,0.004494605577795796,False
2020-12-11,12.978211402893066,13.013250350952148,13.020000457763672,12.822999954223633,12.967249870300293,209264000,NVDA,0.0031605292321863487,0.004425526531936952,False,0.004425526531936952,False
2020-12-14,13.272917747497559,13.30875015258789,13.388750076293945,13.077500343322754,13.088000297546387,270156000,NVDA,0.022707778094814834,0.027067037066772603,False,0.027067037066772603,False
2020-12-15,13.3245267868042,13.36050033569336,13.46399974822998,13.186750411987305,13.439749717712402,193016000,NVDA,0.0038882964762114725,-0.009032952678497352,False,-0.009032952678497352,False
2020-12-16,13.206841468811035,13.242500305175781,13.437250137329102,13.212499618530273,13.422499656677246,223116000,NVDA,-0.008832232459445533,-0.010605027626404584,False,-0.010605027626404584,False
2020-12-17,13.305327415466309,13.3412504196167,13.379500389099121,13.178500175476074,13.36674976348877,231384000,NVDA,0.0074571915539272116,0.0016995368005474631,False,0.0016995368005474631,False
2020-12-18,13.2362642288208,13.272000312805176,13.404999732971191,13.070500373840332,13.378999710083008,342064000,NVDA,-0.005190641649691963,-0.0016795231405390965,False,-0.0016795231405390965,False
2020-12-21,13.296351432800293,13.332249641418457,13.369999885559082,12.967499732971191,13.074749946594238,302332000,NVDA,0.004539589338860228,0.008445868390704159,False,0.008445868390704159,False
2020-12-22,13.242497444152832,13.278249740600586,13.337249755859375,13.053999900817871,13.319250106811523,185580000,NVDA,-0.004050283186304071,-0.001977190326016065,False,-0.001977190326016065,False
2020-12-23,12.97421932220459,13.009249687194824,13.274999618530273,13.005000114440918,13.255999565124512,179144000,NVDA,-0.02025887662653081,-0.021004687877355765,False,-0.021004687877355765,False
2020-12-24,12.958763122558594,12.993749618530273,13.132499694824219,12.938750267028809,13.037249565124512,97884000,NVDA,-0.0011913009378178296,-0.004727889942614083,False,-0.004727889942614083,False
2020-12-28,12.865265846252441,12.899999618530273,13.0625,12.763250350952148,13.0625,212564000,NVDA,-0.007214984595512286,-0.01593751361665685,False,-0.01593751361665685,False
2020-12-29,12.908398628234863,12.943249702453613,13.072500228881836,12.842249870300293,12.925000190734863,170372000,NVDA,0.0033526537654087196,0.00558003429100884,False,0.00558003429100884,False
2020-12-30,13.11035442352295,13.145750045776367,13.213749885559082,12.896750450134277,12.990249633789062,225396000,NVDA,0.015645302031991992,0.014303754866521246,False,0.014303754866521246,False
2020-12-31,13.01984977722168,13.055000305175781,13.151000022888184,12.914999961853027,13.136500358581543,192424000,NVDA,-0.006903295164841894,-0.013342140687761739,False,-0.013342140687761739,False
2021-01-04,13.078190803527832,13.113499641418457,13.65250015258789,12.962499618530273,13.104249954223633,560640000,NVDA,0.004480929296758918,0.01923575681780998,False,0.01923575681780998,False
2021-01-05,13.368656158447266,13.404749870300293,13.443499565124512,13.086999893188477,13.099749565124512,322760000,NVDA,0.022209903440243428,0.015127308282694152,False,0.015127308282694152,False
2021-01-07,13.308070182800293,13.343999862670898,13.377750396728516,12.886500358581543,12.967499732971191,461480000,NVDA,0.05783039188819883,0.04298298808809764,False,0.04298298808809764,False
2021-01-08,13.24100112915039,13.276749610900879,13.420999526977539,13.041999816894531,13.362500190734863,292528000,NVDA,-0.0050397279792365746,-0.010531590664505486,False,-0.010531590664505486,False
2021-01-11,13.584822654724121,13.621500015258789,13.961000442504883,13.362500190734863,13.418749809265137,518344000,NVDA,0.02596642974501373,0.03252118064360621,False,0.03252118064360621,False
2021-01-12,13.448441505432129,13.484749794006348,13.754500389099121,13.345000267028809,13.7524995803833,291476000,NVDA,-0.010039229275073835,-0.010455017721706539,False,-0.010455017721706539,False
2021-01-13,13.495317459106445,13.531749725341797,13.625,13.385000228881836,13.489999771118164,210028000,NVDA,0.003485604904879258,0.0012099631669726385,False,0.0012099631669726385,False
2021-01-14,13.164706230163574,13.200249671936035,13.599749565124512,13.180500030517578,13.574999809265137,283120000,NVDA,-0.024498217988920268,-0.02074476679458359,False,-0.02074476679458359,False
2021-01-15,12.82487678527832,12.85949993133545,13.325249671936035,12.84850025177002,13.227999687194824,277780000,NVDA,-0.025813674756115845,-0.018623646780744907,False,-0.018623646780744907,False
2021-01-19,12.990178108215332,13.025250434875488,13.093999862670898,12.843999862670898,13.016249656677246,226188000,NVDA,0.012889115872579904,0.00475273635705542,False,0.00475273635705542,False
2021-01-20,13.329761505126953,13.365750312805176,13.430500030517578,13.056750297546387,13.111749649047852,258572000,NVDA,0.026141550491664223,0.01220592506971796,False,0.01220592506971796,False
2021-01-21,13.830162048339844,13.867500305175781,13.999250411987305,13.253000259399414,13.418499946594238,337780000,NVDA,0.037540097249333604,0.037223373941781324,False,0.037223373941781324,False
2021-01-22,13.675576210021973,13.712499618530273,13.841750144958496,13.627249717712402,13.739999771118164,246820000,NVDA,-0.01117744230165596,-0.008166830646418322,False,-0.008166830646418322,False
2021-01-25,13.616487503051758,13.653249740600586,13.828499794006348,13.236499786376953,13.781749725341797,251112000,NVDA,-0.004320747152643745,-0.007936586095726228,False,-0.007936586095726228,False
2021-01-26,13.399075508117676,13.435250282287598,13.644749641418457,13.387499809265137,13.580499649047852,163980000,NVDA,-0.015966819261234222,-0.01447798551433599,False,-0.01447798551433599,False
2021-01-27,12.882966995239258,12.917750358581543,13.232749938964844,12.793749809265137,13.229999542236328,371272000,NVDA,-0.03851821810883438,-0.012840334409372378,False,-0.012840334409372378,False
2021-01-28,13.015856742858887,13.050999641418457,13.339750289916992,12.96049976348877,12.99625015258789,228316000,NVDA,0.01031515082424228,0.0005545248486125143,False,0.0005545248486125143,False
2021-01-29,12.954774856567383,12.989749908447266,13.334750175476074,12.911499977111816,13.074999809265137,271552000,NVDA,-0.0046928824969602045,0.014618592676164388,False,0.014618592676164388,False
2021-02-01,13.201358795166016,13.237000465393066,13.270750045776367,12.902750015258789,13.053250312805176,217204000,NVDA,0.019034212584067234,0.002982444969627851,False,0.002982444969627851,False
2021-02-02,13.520246505737305,13.556750297546387,13.571999549865723,13.285499572753906,13.398750305175781,220440000,NVDA,0.024155673330237493,0.010257449845820554,False,0.010257449845820554,False
2021-02-03,13.494070053100586,13.530500411987305,13.931750297546387,13.516500473022461,13.63599967956543,245408000,NVDA,-0.0019360928534557509,-0.0029448619344090154,False,-0.0029448619344090154,False
2021-02-04,13.627458572387695,13.664250373840332,13.673500061035156,13.337750434875488,13.531000137329102,201340000,NVDA,0.009884973085378279,-0.000968349145042513,False,-0.000968349145042513,False
2021-02-05,13.554404258728027,13.590999603271484,13.737250328063965,13.54574966430664,13.725000381469727,169152000,NVDA,-0.005360817152487485,-0.009258312317112827,False,-0.009258312317112827,False
2021-02-08,14.399870872497559,14.438750267028809,14.473750114440918,13.727250099182129,13.727250099182129,434624000,NVDA,0.06237578558460899,0.0549764372242354,False,0.04395068165593279,False
2021-02-09,14.224846839904785,14.263250350952148,14.583250045776367,14.22249984741211,14.340749740600586,287560000,NVDA,-0.012154555700013447,-0.011041030707864996,False,-0.011041030707864996,False
2021-02-10,14.72449779510498,14.764249801635742,14.904999732971191,14.341500282287598,14.463250160217285,485352000,NVDA,0.03512522565786291,0.03547041059022227,False,0.03547041059022227,False
2021-02-11,15.209687232971191,15.250749588012695,15.272250175476074,14.925000190734863,14.980250358581543,450828000,NVDA,0.03295117053347019,0.03128871536993083,False,0.03128871536993083,False
2021-02-12,14.920969009399414,14.961250305175781,15.291250228881836,14.774999618530273,15.050000190734863,374756000,NVDA,-0.018982522069612373,-0.02369355518299121,False,-0.02369355518299121,False
2021-02-16,15.288972854614258,15.330249786376953,15.3725004196167,14.949999809265137,15.064249992370605,321960000,NVDA,0.024663535255855074,0.025232807674206215,False,0.025232807674206215,False
2021-02-17,14.865862846374512,14.906000137329102,15.22350025177002,14.779999732971191,15.170999526977539,274756000,NVDA,-0.027674194484036296,-0.027353792474809624,False,-0.027353792474809624,False
2021-02-18,14.789071083068848,14.829000473022461,14.873250007629395,14.574999809265137,14.729000091552734,233868000,NVDA,-0.005165644544096737,-0.0007498089167421451,False,-0.0007498089167421451,False
2021-02-19,14.886310577392578,14.92650032043457,15.177000045776367,14.846750259399414,15.024499893188477,271724000,NVDA,0.00657509141565038,0.008429988060225546,False,0.008429988060225546,False
2021-02-22,14.317097663879395,14.35575008392334,15.13325023651123,14.324999809265137,14.774749755859375,325884000,NVDA,-0.03823733963858256,-0.030504500180428717,False,-0.030504500180428717,False
2021-02-23,14.103921890258789,14.142000198364258,14.238750457763672,13.38949966430664,14.075249671936035,391780000,NVDA,-0.014889594149967045,-0.016145912268759832,False,-0.016145912268759832,False
2021-02-24,14.459959030151367,14.49899959564209,14.506750106811523,13.755999565124512,14.122750282287598,448320000,NVDA,0.025243839455639794,0.013892225689660753,False,0.013892225689660753,False
2021-02-25,13.2716703414917,13.307499885559082,14.374750137329102,13.2162504196167,14.045499801635742,824436000,NVDA,-0.08217787382259467,-0.05769906629746846,False,-0.03583109060278436,False
2021-02-26,13.67757511138916,13.714500427246094,13.854499816894531,13.361000061035156,13.7524995803833,500932000,NVDA,0.03058430170831361,0.035334515878216455,False,0.035334515878216455,False
2021-03-01,13.804481506347656,13.841750144958496,13.925000190734863,13.553250312805176,13.875,353184000,NVDA,0.009278427932216005,-0.014512335574584201,False,-0.014512335574584201,False
2021-03-02,13.370152473449707,13.40625,13.920499801635742,13.395999908447266,13.899999618530273,264116000,NVDA,-0.031462900848411746,-0.02338204915754105,False,-0.02338204915754105,False
2021-03-03,12.770273208618164,12.804750442504883,13.451499938964844,12.798749923706055,13.426250457763672,377592000,NVDA,-0.04486704740449121,-0.03180082553249308,False,-0.03180082553249308,False
2021-03-04,12.336943626403809,12.37024974822998,12.975000381469727,12.083749771118164,12.800749778747559,573344000,NVDA,-0.03393267905356312,-0.020515465123462917,False,-0.020515465123462917,False
2021-03-05,12.427945137023926,12.46150016784668,12.550000190734863,11.67924976348877,12.550000190734863,542840000,NVDA,0.0073763416106849,-0.01211962658709731,False,-0.01211962658709731,False
2021-03-10,12.438971519470215,12.468250274658203,12.979999542236328,12.457500457763672,12.840499877929688,384376000,NVDA,-0.004153126339224045,-0.010183439681925366,False,-0.010183439681925366,False
2021-03-11,12.962985038757324,12.993499755859375,13.046250343322754,12.73449993133545,12.949999809265137,299916000,NVDA,0.04212675609610428,0.03173126909166846,False,0.03173126909166846,False
2021-03-12,12.825809478759766,12.855999946594238,12.888750076293945,12.59000015258789,12.648249626159668,243964000,NVDA,-0.010582096607180014,-0.011597495103058963,False,-0.011597495103058963,False
2021-03-15,13.160271644592285,13.19124984741211,13.20674991607666,12.767250061035156,12.864749908447266,221988000,NVDA,0.02607727538650928,0.019585354085012163,False,0.019585354085012163,False
2021-03-16,13.260039329528809,13.291250228881836,13.512499809265137,13.11674976348877,13.356499671936035,272128000,NVDA,0.007580974590104317,0.009150658324482697,False,0.009150658324482697,False
2021-03-17,13.309921264648438,13.3412504196167,13.45324993133545,12.989500045776367,13.039750099182129,243864000,NVDA,0.0037618240700498795,0.0008824419395190297,False,0.0008824419395190297,False
2021-03-18,12.692625045776367,12.72249984741211,13.184000015258789,12.717000007629395,13.136500358581543,293896000,NVDA,-0.0463786529310003,-0.0316181136115411,False,-0.0316181136115411,False
2021-03-19,12.815584182739258,12.845749855041504,12.921500205993652,12.612500190734863,12.75,299208000,NVDA,0.009687447357771495,0.010290151332475128,False,0.010290151332475128,False
2021-03-22,13.155284881591797,13.186249732971191,13.394499778747559,12.906749725341797,12.912750244140625,297804000,NVDA,0.026506844636084992,0.019481726558773227,False,0.019481726558773227,False
2021-03-23,13.040057182312012,13.07075023651123,13.344499588012695,13.021249771118164,13.254249572753906,222048000,NVDA,-0.008759042492574531,-0.0011281883086339262,False,-0.0011281883086339262,False
2021-03-24,12.613309860229492,12.642999649047852,13.159250259399414,12.636750221252441,13.151249885559082,245840000,NVDA,-0.03272587812432104,-0.02725854210600609,False,-0.02725854210600609,False
2021-03-25,12.505815505981445,12.535249710083008,12.714750289916992,12.272000312805176,12.499500274658203,295144000,NVDA,-0.008522295530611124,-0.013762561377570592,False,-0.013762561377570592,False
2021-03-26,12.809101104736328,12.839249610900879,12.856249809265137,12.373499870300293,12.554499626159668,363968000,NVDA,0.02425156509064319,0.007620362486123522,False,0.007620362486123522,False
2021-03-29,12.917841911315918,12.948249816894531,13.0625,12.699999809265137,12.820249557495117,273520000,NVDA,0.008489339391612782,0.009357352076846404,False,0.009357352076846404,False
2021-03-30,12.841523170471191,12.871749877929688,12.975250244140625,12.704999923706055,12.842000007629395,200204000,NVDA,-0.0059080101280595265,-0.002750177194291714,False,-0.002750177194291714,False
2021-03-31,13.316905975341797,13.348250389099121,13.470499992370605,12.982500076293945,13.01550006866455,314776000,NVDA,0.03701919145882471,0.03339669241924703,False,0.03339669241924703,False
2021-04-01,13.779316902160645,13.811750411987305,13.869999885559082,13.511249542236328,13.572250366210938,308276000,NVDA,0.03472360078798098,0.022898399013036252,False,0.022898399013036252,False
2021-04-05,13.9546537399292,13.987500190734863,14.013999938964844,13.732999801635742,13.867500305175781,255672000,NVDA,0.012724639328170362,-0.0017135870895732541,False,-0.0017135870895732541,False
2021-04-06,13.828948020935059,13.861499786376953,14.05424976348877,13.773500442504883,13.999750137329102,191744000,NVDA,-0.009008157517692572,-0.008034626765741404,False,-0.008034626765741404,False
2021-04-07,14.110286712646484,14.143500328063965,14.243499755859375,13.71150016784668,13.880749702453613,251284000,NVDA,0.020344186071530546,0.01886895328654492,False,0.01886895328654492,False
2021-04-08,14.283379554748535,14.317000389099121,14.471500396728516,14.24899959564209,14.252750396728516,244416000,NVDA,0.012267138551260937,0.008046505722620667,False,0.008046505722620667,False
2021-04-09,14.366183280944824,14.399999618530273,14.407999992370605,14.175000190734863,14.21399974822998,195172000,NVDA,0.005797208278258026,-0.001922726070480163,False,-0.001922726070480163,False
2021-04-12,15.173283576965332,15.208999633789062,15.352499961853027,14.139249801635742,14.289750099182129,869324000,NVDA,0.056180565167300855,0.05637664401606968,False,0.04395068165593279,False
2021-04-13,15.642679214477539,15.679499626159668,15.699999809265137,15.125749588012695,15.231499671936035,676212000,NVDA,0.030935666306586285,0.027641179497544854,False,0.027641179497544854,False
2021-04-14,15.241125106811523,15.277000427246094,15.720499992370605,15.227499961853027,15.625,385500000,NVDA,-0.025670417590253458,-0.021582690862424925,False,-0.021582690862424925,False
2021-04-15,16.099355697631836,16.137250900268555,16.214250564575195,15.631500244140625,15.662500381469727,598480000,NVDA,0.05631018607915994,0.04521599555399347,False,0.04395068165593279,False
2021-04-16,15.875131607055664,15.912500381469727,16.16575050354004,15.865249633789062,16.05299949645996,335208000,NVDA,-0.013927519509936315,-0.01753633906544605,False,-0.01753633906544605,False
2021-04-19,15.325675964355469,15.361749649047852,15.807499885559082,15.232999801635742,15.536499977111816,404420000,NVDA,-0.03461109213456792,-0.029304532040081877,False,-0.029304532040081877,False
2021-04-20,15.135622024536133,15.171250343322754,15.496999740600586,14.963000297546387,15.323249816894531,334132000,NVDA,-0.012401015150089623,-0.0055986953783137006,False,-0.0055986953783137006,False
2021-04-21,15.324429512023926,15.36050033569336,15.362500190734863,15.102250099182129,15.118749618530273,216776000,NVDA,0.012474379129032265,0.003168323656878691,False,0.003168323656878691,False
2021-04-22,14.815375328063965,14.850250244140625,15.43850040435791,14.783499717712402,15.375,277788000,NVDA,-0.033218475347519094,-0.024007817870957293,False,-0.024007817870957293,False
2021-04-23,15.229402542114258,15.265250205993652,15.335000038146973,14.900250434875488,14.934249877929688,227500000,NVDA,0.027945779629762413,0.017017083089585494,False,0.017017083089585494,False
2021-04-26,15.44165325164795,15.477999687194824,15.479000091552734,15.125,15.1850004196167,197796000,NVDA,0.013936903233514819,0.012154632308710278,False,0.012154632308710278,False
2021-04-27,15.345629692077637,15.381750106811523,15.670499801635742,15.354499816894531,15.578499794006348,164572000,NVDA,-0.0062184766103373645,-0.0060035807223229876,False,-0.0060035807223229876,False
2021-04-28,15.240875244140625,15.276749610900879,15.53225040435791,15.215499877929688,15.364500045776367,209416000,NVDA,-0.006826337533160531,-0.005980797616270683,False,-0.005980797616270683,False
2021-04-29,15.288762092590332,15.324749946594238,15.43649959564209,15.071499824523926,15.399999618530273,173196000,NVDA,0.0031420012094198757,-0.0036208055246258475,False,-0.0036208055246258475,False
2021-04-30,14.974251747131348,15.009499549865723,15.364999771118164,14.996999740600586,15.174500465393066,201912000,NVDA,-0.02057134145683459,-0.013376634757508166,False,-0.013376634757508166,False
2021-05-03,14.80190658569336,14.836750030517578,15.246749877929688,14.787500381469727,15.125,203912000,NVDA,-0.011509433950247616,-0.0142575246975013,False,-0.0142575246975013,False
2021-05-04,14.317548751831055,14.351249694824219,14.637499809265137,14.010250091552734,14.637249946594238,405324000,NVDA,-0.032722665222766345,-0.02604432761453912,False,-0.02604432761453912,False
2021-05-05,14.424545288085938,14.458499908447266,14.81350040435791,14.387499809265137,14.708999633789062,292024000,NVDA,0.007473104377675011,0.006769640615907235,False,0.006769640615907235,False
2021-05-06,14.488895416259766,14.52299976348877,14.571249961853027,14.218000411987305,14.49524974822998,193380000,NVDA,0.004461154711544291,-0.003704301754507533,False,-0.003704301754507533,False
2021-05-07,14.777464866638184,14.812250137329102,14.970749855041504,14.67175006866455,14.808250427246094,229328000,NVDA,0.019916594197690207,0.012543252580721864,False,0.012543252580721864,False
2021-05-10,14.232248306274414,14.26574993133545,14.805999755859375,14.25,14.787249565124512,268904000,NVDA,-0.03689513494257446,-0.0264594876203863,False,-0.0264594876203863,False
2021-05-11,14.272652626037598,14.306249618530273,14.35474967956543,13.75,13.824999809265137,285584000,NVDA,0.0028389274058246983,0.011512840208542818,False,0.011512840208542818,False
2021-05-12,13.726190567016602,13.758500099182129,14.260250091552734,13.709250450134277,14.009499549865723,303408000,NVDA,-0.03828735087576396,-0.01683795021126122,False,-0.01683795021126122,False
2021-05-13,13.633161544799805,13.665249824523926,14.080750465393066,13.458999633789062,14.0337495803833,285404000,NVDA,-0.006777482926715428,-0.01895062433363892,False,-0.01895062433363892,False
2021-05-14,14.209553718566895,14.243000030517578,14.32800006866455,13.748499870300293,13.890000343322754,258616000,NVDA,0.0422786872929668,0.027360730416067014,False,0.027360730416067014,False
2021-05-17,14.132235527038574,14.165499687194824,14.169249534606934,13.853500366210938,14.156999588012695,216980000,NVDA,-0.00544128218659623,-0.0029112299933754526,False,-0.0029112299933754526,False
2021-05-18,13.98283576965332,14.01574993133545,14.404250144958496,14.003999710083008,14.267000198364258,186256000,NVDA,-0.01057155869638704,-0.002054265737022387,False,-0.002054265737022387,False
2021-05-19,14.032719612121582,14.065750122070312,14.079500198364258,13.54325008392334,13.566499710083008,344000000,NVDA,0.0035675054252244376,0.006510916882042195,False,0.006510916882042195,False
2021-05-20,14.57818603515625,14.612500190734863,14.68375015258789,14.270500183105469,14.302499771118164,321592000,NVDA,0.038871041260133854,0.028316299503990505,False,0.028316299503990505,False
2021-05-21,14.95654296875,14.99174976348877,15.222000122070312,14.869500160217285,15.163749694824219,672992000,NVDA,0.02595363597921696,0.026737516659358196,False,0.026737516659358196,False
2021-05-24,15.575337409973145,15.612000465393066,15.744999885559082,15.175999641418457,15.212499618530273,554816000,NVDA,0.04137282542603904,0.03146153323590051,False,0.03146153323590051,False
2021-05-25,15.611003875732422,15.647749900817871,15.818499565124512,15.482500076293945,15.765999794006348,435408000,NVDA,0.002289932142108153,0.004415215922404903,False,0.004415215922404903,False
2021-05-26,15.66313362121582,15.699999809265137,15.793749809265137,15.586250305175781,15.73425006866455,370440000,NVDA,0.0033392948908579356,0.0014624783205892111,False,0.0014624783205892111,False
2021-05-27,15.451628684997559,15.48799991607666,15.75,15.460000038146973,15.699749946594238,581476000,NVDA,-0.013503360268329545,-0.014668674810161098,False,-0.014668674810161098,False
2021-05-28,16.206350326538086,16.24449920654297,16.27750015258789,15.50100040435791,15.50100040435791,644536000,NVDA,0.048844148207710214,0.04807526631657,False,0.04395068165593279,False
2021-06-01,16.226306915283203,16.26449966430664,16.38825035095215,15.903249740600586,16.270000457763672,472804000,NVDA,0.0012314054887754278,0.0017237390114618334,False,0.0017237390114618334,False
2021-06-02,16.73885154724121,16.778249740600586,16.918750762939453,16.23550033569336,16.25225067138672,594168000,NVDA,0.031587263487248274,0.03014032864881755,False,0.03014032864881755,False
2021-06-03,16.929899215698242,16.969749450683594,17.259000778198242,16.58300018310547,16.70075035095215,580008000,NVDA,0.011413427493388584,0.015042130835026035,False,0.015042130835026035,False
2021-06-04,17.536972045898438,17.578250885009766,17.660999298095703,17.095500946044922,17.112499237060547,617120000,NVDA,0.03585802977712271,0.02702393406661674,False,0.02702393406661674,False
2021-06-07,17.577627182006836,17.618999481201172,17.8125,17.192750930786133,17.571250915527344,575756000,NVDA,0.0023182528889249543,0.0031149915933761374,False,0.0031149915933761374,False
2021-06-08,17.416006088256836,17.457000732421875,17.62150001525879,17.250999450683594,17.527250289916992,323848000,NVDA,-0.00919470484135887,-0.009369729705864693,False,-0.009369729705864693,False
2021-06-09,17.321456909179688,17.35824966430664,17.575000762939453,17.25575065612793,17.515750885009766,381656000,NVDA,-0.005428866905420993,-0.003604999585935298,False,-0.003604999585935298,False
2021-06-10,17.3880672454834,17.424999237060547,17.492000579833984,17.176000595092773,17.350000381469727,287772000,NVDA,0.0038455388973897,-0.0008067041148724918,False,-0.0008067041148724918,False
2021-06-11,17.787466049194336,17.82525062561035,17.939250946044922,17.443750381469727,17.47949981689453,416308000,NVDA,0.02296970664262199,0.021021271973062916,False,0.021021271973062916,False
2021-06-14,17.980558395385742,18.018749237060547,18.039499282836914,17.662750244140625,17.9060001373291,321376000,NVDA,0.010855528587229601,0.00904032671413435,False,0.00904032671413435,False
2021-06-15,17.750791549682617,17.78849983215332,18.016250610351562,17.72800064086914,17.915000915527344,243032000,NVDA,-0.012778626817401273,-0.010766933036875481,False,-0.010766933036875481,False
2021-06-16,17.77249526977539,17.81024932861328,17.954750061035156,17.58449935913086,17.79075050354004,307124000,NVDA,0.0012226902688834418,0.0066128148817391486,False,0.0066128148817391486,False
2021-06-17,18.61770248413086,18.657249450683594,18.834999084472656,17.756250381469727,17.774499893188477,809656000,NVDA,0.04755703695658653,0.04799275254863833,False,0.04395068165593279,False
2021-06-18,18.599245071411133,18.638750076293945,19.375,18.583999633789062,18.784000396728516,968856000,NVDA,-0.0009913904648255478,0.012133078315075041,False,0.012133078315075041,False
2021-06-21,18.388185501098633,18.427249908447266,18.536500930786133,17.822750091552734,18.43524932861328,672384000,NVDA,-0.011347749303917687,-0.02535003926663848,False,-0.02535003926663848,False
2021-06-22,18.84671974182129,18.886749267578125,18.9637508392334,18.38599967956543,18.471500396728516,580144000,NVDA,0.02493635060921373,0.01981185870699509,False,0.01981185870699509,False
2021-06-23,19.01685333251953,19.057249069213867,19.15275001525879,18.90774917602539,19.007749557495117,332356000,NVDA,0.009027225587735055,0.010110508930893936,False,0.010110508930893936,False
2021-06-24,19.1647891998291,19.20549964904785,19.420000076293945,19.08824920654297,19.227750778198242,320924000,NVDA,0.007779197994685738,0.0019679482698002904,False,0.0019679482698002904,False
2021-06-25,18.99066162109375,19.0310001373291,19.345500946044922,18.894500732421875,19.280500411987305,278364000,NVDA,-0.009085807149754821,-0.012416404469071551,False,-0.012416404469071551,False
2021-06-28,19.94264030456543,19.985000610351562,20.078750610351562,19.319000244140625,19.361249923706055,495436000,NVDA,0.05012877921084513,0.04781381494878323,False,0.04395068165593279,False
2021-06-29,19.98430061340332,20.026750564575195,20.0987491607666,19.656999588012695,19.88249969482422,367632000,NVDA,0.002089006681244454,0.0018116704879835854,False,0.0018116704879835854,False
2021-06-30,19.960102081298828,20.002500534057617,20.162500381469727,19.863750457763672,19.999250411987305,326568000,NVDA,-0.0012108771066154933,-0.0025390367533619784,False,-0.0025390367533619784,False
2021-07-01,20.169153213500977,20.211999893188477,20.45599937438965,20.018999099731445,20.125,480136000,NVDA,0.010473450053044342,0.0052518231987686015,False,0.0052518231987686015,False
2021-07-02,20.443572998046875,20.48699951171875,20.505250930786133,20.287750244140625,20.440250396728516,342764000,NVDA,0.01360591501492503,0.006105833351011114,False,0.006105833351011114,False
2021-07-06,20.65462875366211,20.69849967956543,20.841999053955078,20.350250244140625,20.737499237060547,446708000,NVDA,0.01032381940453364,0.01234567546435783,False,0.01234567546435783,False
2021-07-07,20.328569412231445,20.371749877929688,20.875,20.332000732421875,20.853500366210938,418428000,NVDA,-0.015786260083365256,-0.019145235393547844,False,-0.019145235393547844,False
2021-07-08,19.860565185546875,19.90275001525879,20.132999420166016,19.70075035095215,19.85650062561035,503300000,NVDA,-0.02302199516326897,-0.014460970228951986,False,-0.014460970228951986,False
2021-07-09,20.007747650146484,20.050249099731445,20.080249786376953,19.754249572753906,19.962499618530273,296624000,NVDA,0.007410789331751655,-0.003867158477044219,False,-0.003867158477044219,False
2021-07-12,20.46902084350586,20.512500762939453,20.53274917602539,20.1877498626709,20.239999771118164,321984000,NVDA,0.023054728669371194,0.0196035543381341,False,0.0196035543381341,False
2021-07-13,20.207080841064453,20.25,20.46125030517578,20.11400032043457,20.40049934387207,290708000,NVDA,-0.012796899492361957,-0.00928008683379633,False,-0.00928008683379633,False
2021-07-14,19.799442291259766,19.84149932861328,20.417749404907227,19.752750396728516,20.357749938964844,380100000,NVDA,-0.020173054832160253,-0.021337989407404945,False,-0.021337989407404945,False
2021-07-15,18.926048278808594,18.966249465942383,19.847000122070312,18.85849952697754,19.811750411987305,550564000,NVDA,-0.04411205121856998,-0.04084981036439761,False,-0.03583109060278436,False
2021-07-16,18.12250328063965,18.160999298095703,19.156999588012695,18.072999954223633,19.030500411987305,688224000,NVDA,-0.04245709333145209,-0.034918239120374284,False,-0.034918239120374284,False
2021-07-19,18.73994255065918,18.77975082397461,19.04199981689453,17.86549949645996,17.915250778198242,749060000,NVDA,0.03407030808371525,0.049939820511124555,False,0.04395068165593279,False
2021-07-20,18.57254981994629,18.61199951171875,18.83799934387207,18.163999557495117,18.729999542236328,434687000,NVDA,-0.008932403621856544,-0.024095013059712178,False,-0.024095013059712178,False
2021-07-21,19.368858337402344,19.40999984741211,19.527000427246094,18.742000579833984,18.881999969482422,371017000,NVDA,0.04287556233128775,0.034633742340452356,False,0.034633742340452356,False
2021-07-22,19.552467346191406,19.5939998626709,19.886999130249023,19.275999069213867,19.642000198364258,323826000,NVDA,0.00947959893095529,0.007462928972627347,False,0.007462928972627347,False
2021-07-23,19.51654624938965,19.558000564575195,19.700000762939453,19.25,19.6560001373291,195672000,NVDA,-0.001837164392899715,-0.011982616413722558,False,-0.011982616413722558,False
2021-07-26,19.253103256225586,19.29400062561035,19.441999435424805,18.913999557495117,19.31100082397461,203943000,NVDA,-0.0134984433104961,-0.01588064317312443,False,-0.01588064317312443,False
2021-07-27,19.16728401184082,19.20800018310547,19.621999740600586,18.740999221801758,19.264999389648438,248863000,NVDA,-0.0044574239925200265,0.000255020814571183,False,0.000255020814571183,False
2021-07-28,19.461658477783203,19.503000259399414,19.645999908447266,18.9950008392334,19.319000244140625,202191000,NVDA,0.015358173112086648,0.015544434994740564,False,0.015544434994740564,False
2021-07-29,19.620323181152344,19.66200065612793,19.85300064086914,19.327999114990234,19.518999099731445,190781000,NVDA,0.008152681517367366,0.0039465285373598835,False,0.0039465285373598835,False
2021-07-30,19.45766830444336,19.499000549316406,19.6299991607666,19.26300048828125,19.417999267578125,183497000,NVDA,-0.00829012219662284,-0.0028840741451459095,False,-0.0028840741451459095,False
2021-08-02,19.7081356048584,19.75,19.961000442504883,19.361000061035156,19.700000762939453,217444000,NVDA,0.01287242111933029,0.014715226734221654,False,0.014715226734221654,False
2021-08-03,19.77299690246582,19.815000534057617,20.222000122070312,19.219999313354492,19.739999771118164,301811000,NVDA,0.0032910925167082272,-0.004912334030753973,False,-0.004912334030753973,False
2021-08-04,20.231029510498047,20.27400016784668,20.31800079345703,19.827999114990234,19.989999771118164,231309000,NVDA,0.023164551650493914,0.027796939551906208,False,0.027796939551906208,False
2021-08-05,20.5932559967041,20.636999130249023,20.732999801635742,20.341999053955078,20.5,211435000,NVDA,0.017904500906298138,0.011899054092803896,False,0.011899054092803896,False
2021-08-06,20.322830200195312,20.365999221801758,20.56999969482422,20.209999084472656,20.52400016784668,178497000,NVDA,-0.013131764911389898,-0.014807031153154626,False,-0.014807031153154626,False
2021-08-09,20.251985549926758,20.295000076293945,20.507999420166016,20.14299964904785,20.445999145507812,146443000,NVDA,-0.003485963793953939,-0.002546055519756507,False,-0.002546055519756507,False
2021-08-10,19.893741607666016,19.93600082397461,20.43000030517578,19.834999084472656,20.32200050354004,179238000,NVDA,-0.017689324406121587,-0.01868200374029172,False,-0.01868200374029172,False
2021-08-11,19.657245635986328,19.698999404907227,20.048999786376953,19.43000030517578,20.042999267578125,185925000,NVDA,-0.01188795835111045,-0.013163702138792921,False,-0.013163702138792921,False
2021-08-12,19.862810134887695,19.905000686645508,20.02899932861328,19.6200008392334,19.8700008392334,151652000,NVDA,0.010457441632872655,0.006311061351194969,False,0.006311061351194969,False
2021-08-13,20.145204544067383,20.187999725341797,20.214000701904297,19.85099983215332,19.905000686645508,183063000,NVDA,0.014217243545196157,0.01260993688938794,False,0.01260993688938794,False
2021-08-16,19.907716751098633,19.950000762939453,20.28700065612793,19.452999114990234,20.135000228881836,210876000,NVDA,-0.011788800279949885,-0.014409650982165734,False,-0.014409650982165734,False
2021-08-17,19.4167537689209,19.45800018310547,19.770000457763672,19.267000198364258,19.684999465942383,204585000,NVDA,-0.024661943321583557,-0.017601244506636027,False,-0.017601244506636027,False
2021-08-18,18.999643325805664,19.040000915527344,19.634000778198242,19.0,19.5,285913000,NVDA,-0.021481986540040188,-0.010733515794454251,False,-0.010733515794454251,False
2021-08-19,19.75603675842285,19.79800033569336,20.4950008392334,18.761999130249023,19.493999481201172,766555000,NVDA,0.039810928007782076,0.03855423577487249,False,0.03855423577487249,False
2021-08-20,20.771873474121094,20.81599998474121,20.864999771118164,19.933000564575195,19.990999221801758,675741000,NVDA,0.05141905373632927,0.04327748608059134,False,0.04327748608059134,False
2021-08-23,21.911457061767578,21.95800018310547,21.996999740600586,20.950000762939453,20.97100067138672,575807000,NVDA,0.05486185870842375,0.04633806834417542,False,0.04395068165593279,False
2021-08-24,21.74680519104004,21.792999267578125,21.958999633789062,21.53499984741211,21.753000259399414,297299000,NVDA,-0.007514419066855793,-0.009010155368175288,False,-0.009010155368175288,False
2021-08-25,22.165916442871094,22.21299934387207,22.469999313354492,21.722000122070312,21.73699951171875,347701000,NVDA,0.019272313709957523,0.017052195485777855,False,0.017052195485777855,False
2021-08-26,22.021221160888672,22.06800079345703,22.34000015258789,21.790000915527344,22.200000762939453,237940000,NVDA,-0.00652782763822779,-0.0007029088186152332,False,-0.0007029088186152332,False
2021-08-27,22.5880184173584,22.63599967956543,22.722000122070312,22.16699981689453,22.18400001525879,304722000,NVDA,0.025738684168723713,0.01693105168829856,False,0.01693105168829856,False
2021-08-30,22.63990592956543,22.687999725341797,23.042999267578125,22.551000595092773,22.829999923706055,262580000,NVDA,0.002297125460423599,-0.00200944538435599,False,-0.00200944538435599,False
2021-08-31,22.341493606567383,22.385000228881836,22.69499969482422,22.1200008392334,22.69499969482422,259850000,NVDA,-0.01318081108315694,-0.01183169504365189,False,-0.01183169504365189,False
2021-09-01,22.397380828857422,22.44099998474121,22.69700050354004,22.35700035095215,22.485000610351562,201767000,NVDA,0.002501498927252044,0.002189810301490125,False,0.002189810301490125,False
2021-09-02,22.352466583251953,22.395999908447266,22.593000411987305,22.295000076293945,22.51799964904785,187834000,NVDA,-0.0020053347285857726,-0.0048479731391086744,False,-0.0048479731391086744,False
2021-09-03,22.798599243164062,22.843000411987305,22.986000061035156,22.200000762939453,22.325000762939453,280532000,NVDA,0.019958990129813392,0.020294021255528705,False,0.020294021255528705,False
2021-09-07,22.617958068847656,22.66200065612793,22.89900016784668,22.52199935913086,22.83300018310547,198107000,NVDA,-0.007923345306864449,-0.004527770900882744,False,-0.004527770900882744,False
2021-09-08,22.295581817626953,22.339000701904297,22.610000610351562,21.976999282836914,22.51300048828125,254434000,NVDA,-0.014253110304626504,-0.012934543564851353,False,-0.012934543564851353,False
2021-09-09,22.133895874023438,22.177000045776367,22.538000106811523,22.131000518798828,22.312000274658203,196856000,NVDA,-0.0072519275310271025,-0.0026463188736337573,False,-0.0026463188736337573,False
2021-09-10,22.434310913085938,22.47800064086914,22.625999450683594,22.270000457763672,22.347999572753906,248376000,NVDA,0.013572623670605966,0.0212952024305314,False,0.0212952024305314,False
2021-09-13,22.10894203186035,22.152000427246094,22.964000701904297,21.857999801635742,22.68400001525879,297500000,NVDA,-0.014503181420910005,-0.016779669039366896,False,-0.016779669039366896,False
2021-09-14,22.198768615722656,22.242000579833984,22.40999984741211,22.086000442504883,22.274999618530273,199755000,NVDA,0.004062907385294912,0.009809545891870441,False,0.009809545891870441,False
2021-09-15,22.29757308959961,22.340999603271484,22.367000579833984,21.965999603271484,22.30900001525879,166538000,NVDA,0.00445089885783001,-0.004023098121739732,False,-0.004023098121739732,False
2021-09-16,22.198768615722656,22.242000579833984,22.277000427246094,21.927000045776367,22.183000564575195,156033000,NVDA,-0.004431176141005189,-0.002880035692070182,False,-0.002880035692070182,False
2021-09-17,21.857437133789062,21.899999618530273,22.320999145507812,21.829999923706055,22.299999237060547,294503000,NVDA,-0.015376144859307161,-0.006265272408902067,False,-0.006265272408902067,False
2021-09-20,21.071964263916016,21.113000869750977,21.433000564575195,20.66200065612793,21.145999908447266,349440000,NVDA,-0.035936183417350276,-0.018958872408935457,False,-0.018958872408935457,False
2021-09-21,21.204708099365234,21.246000289916992,21.424999237060547,20.950000762939453,21.41699981689453,204688000,NVDA,0.006299547293582508,0.007111905810141872,False,0.007111905810141872,False
2021-09-22,21.898353576660156,21.94099998474121,21.959999084472656,21.195999145507812,21.365999221801758,268726000,NVDA,0.032711861632072514,0.02319225043681228,False,0.02319225043681228,False
2021-09-23,22.438302993774414,22.48200035095215,22.53499984741211,21.889999389648438,22.139999389648438,248555000,NVDA,0.024657078223896622,0.012522362439401746,False,0.012522362439401746,False
2021-09-24,22.038084030151367,22.08099937438965,22.14900016784668,21.861000061035156,22.06999969482422,217655000,NVDA,-0.01783641854440099,-0.01929742759108921,False,-0.01929742759108921,False
2021-09-27,21.61789894104004,21.65999984741211,21.798999786376953,21.325000762939453,21.709999084472656,245215000,NVDA,-0.019066316678730044,-0.01628993405739043,False,-0.01628993405739043,False
2021-09-28,20.65876579284668,20.698999404907227,21.41900062561035,20.650999069213867,21.214000701904297,343069000,NVDA,-0.04436754704096213,-0.024003436484863916,False,-0.024003436484863916,False
2021-09-29,20.47711944580078,20.517000198364258,21.017000198364258,20.466999053955078,20.940000534057617,218394000,NVDA,-0.008792700825757671,-0.010361885045158004,False,-0.010361885045158004,False
2021-09-30,20.675735473632812,20.715999603271484,21.06599998474121,20.687999725341797,20.76799964904785,221009000,NVDA,0.009699412476336322,0.02160912660153147,False,0.02160912660153147,False
2021-10-01,20.701684951782227,20.742000579833984,20.858999252319336,20.202999114990234,20.75,240978000,NVDA,0.001255069169486367,-0.010236408460695623,False,-0.010236408460695623,False
2021-10-04,19.693647384643555,19.73200035095215,20.54199981689453,19.55500030517578,20.503999710083008,345635000,NVDA,-0.04869350342672896,-0.035707605289980515,False,-0.035707605289980515,False
2021-10-05,20.41124725341797,20.451000213623047,20.648000717163086,19.854000091552734,19.950000762939453,279282000,NVDA,0.03643813940397722,0.025913624743368002,False,0.025913624743368002,False
2021-10-06,20.659765243530273,20.700000762939453,20.719999313354492,20.079999923706055,20.1200008392334,297202000,NVDA,0.01217554160345058,0.008072748749265113,False,0.008072748749265113,False
2021-10-07,21.03403663635254,21.075000762939453,21.32200050354004,20.972000122070312,21.091999053955078,256919000,NVDA,0.01811595574346958,0.009817675087064215,False,0.009817675087064215,False
2021-10-08,20.790510177612305,20.83099937438965,21.20599937438965,20.774999618530273,21.10099983215332,151258000,NVDA,-0.011577732935928897,-0.009664009841139909,False,-0.009664009841139909,False
2021-10-11,20.654775619506836,20.69499969482422,21.062999725341797,20.51099967956543,20.575000762939453,163388000,NVDA,-0.006528678562762291,0.00033708528529452497,False,0.00033708528529452497,False
2021-10-12,20.630821228027344,20.67099952697754,21.05699920654297,20.527999877929688,20.827999114990234,162134000,NVDA,-0.0011597507482419278,0.001257029810300181,False,0.001257029810300181,False
2021-10-13,20.898300170898438,20.93899917602539,20.989999771118164,20.71299934387207,20.917999267578125,180652000,NVDA,0.0129650167540456,0.00994250227025173,False,0.00994250227025173,False
2021-10-14,21.703731536865234,21.746000289916992,21.7549991607666,21.121999740600586,21.288000106811523,243589000,NVDA,0.03854052049115397,0.021477418545570615,False,0.021477418545570615,False
2021-10-15,21.819501876831055,21.86199951171875,21.930999755859375,21.66200065612793,21.809999465942383,226994000,NVDA,0.005334121451381568,-0.002126088926331038,False,-0.002126088926331038,False
2021-10-18,22.17880630493164,22.222000122070312,22.291000366210938,21.643999099731445,21.749000549316406,189494000,NVDA,0.016467123316051158,0.013092353758953568,False,0.013092353758953568,False
2021-10-19,22.246679306030273,22.290000915527344,22.378999710083008,22.03700065612793,22.275999069213867,161473000,NVDA,0.0030602639369072815,-0.004333075614499027,False,-0.004333075614499027,False
2021-10-20,22.06004524230957,22.10300064086914,22.433000564575195,21.98200035095215,22.30500030517578,146276000,NVDA,-0.008389299865985578,-0.012053329670002277,False,-0.012053329670002277,False
2021-10-21,22.647891998291016,22.691999435424805,22.711000442504883,22.08300018310547,22.097000122070312,187590000,NVDA,0.026647577079941698,0.02365170523031912,False,0.02365170523031912,False
2021-10-22,22.681827545166016,22.72599983215332,23.1299991607666,22.56100082397461,22.822999954223633,249384000,NVDA,0.0014983975938052119,0.0025709512212183094,False,0.0025709512212183094,False
2021-10-25,23.120969772338867,23.166000366210938,23.354999542236328,22.770000457763672,22.972999572753906,230235000,NVDA,0.019360971963056972,0.014612775393563426,False,0.014612775393563426,False
2021-10-27,24.403474807739258,24.451000213623047,25.09000015258789,24.281999588012695,24.474000930786133,245990000,NVDA,-0.010761553113258548,-0.005709985044795696,False,-0.005709985044795696,False
2021-10-28,24.892515182495117,24.94099998474121,24.950000762939453,24.523000717163086,24.878000259399414,234204000,NVDA,0.02003978444089305,0.010210502864431925,False,0.010210502864431925,False
2021-10-29,25.517303466796875,25.566999435424805,25.708999633789062,25.0,25.000999450683594,292503000,NVDA,0.025099443737253146,0.02315010901810388,False,0.02315010901810388,False
2021-11-01,25.77680206298828,25.82699966430664,25.893999099731445,25.226999282836914,25.64900016784668,265740000,NVDA,0.010169514836435134,0.008369437693301007,False,0.008369437693301007,False
2021-11-02,26.349685668945312,26.400999069213867,26.67799949645996,25.799999237060547,25.82200050354004,294112000,NVDA,0.022224774219747223,0.018544411134334027,False,0.018544411134334027,False
2021-11-03,26.546302795410156,26.597999572753906,26.784000396728516,26.235000610351562,26.670000076293945,239910000,NVDA,0.007461839542798332,0.001000560347440338,False,0.001000560347440338,False
2021-11-05,29.694171905517578,29.75200080871582,31.399999618530273,29.40999984741211,30.187000274658203,851260000,NVDA,-0.0016441646519412823,-0.005376964304890541,False,-0.005376964304890541,False
2021-11-08,30.744125366210938,30.804000854492188,31.100000381469727,29.906999588012695,30.14900016784668,503101000,NVDA,0.03535890692739829,0.034471119016094676,False,0.034471119016094676,False
2021-11-09,30.597410202026367,30.656999588012695,32.310001373291016,29.964000701904297,32.28200149536133,646746000,NVDA,-0.004772136544362926,-0.0012733606485921811,False,-0.0012733606485921811,False
2021-11-10,29.401742935180664,29.458999633789062,30.850000381469727,28.777999877929688,29.356000900268555,636206000,NVDA,-0.039077400961422426,-0.030851577566192723,False,-0.030851577566192723,False
2021-11-11,30.330928802490234,30.389999389648438,30.59000015258789,29.777000427246094,30.468000411987305,332172000,NVDA,0.03160308793114952,0.031052147886414305,False,0.031052147886414305,False
2021-11-12,30.330928802490234,30.389999389648438,30.68000030517578,29.6299991607666,30.010000228881836,413054000,NVDA,0.0,-0.007222656026415475,False,-0.007222656026415475,False
2021-11-15,29.966642379760742,30.024999618530273,30.643999099731445,29.246999740600586,30.552000045776367,384909000,NVDA,-0.012010394574517025,-0.011999654754172306,False,-0.011999654754172306,False
2021-11-16,30.14429473876953,30.202999114990234,30.389999389648438,29.70599937438965,29.759000778198242,264484000,NVDA,0.005928337140926221,0.002063107276063736,False,0.002063107276063736,False
2021-11-17,29.20412254333496,29.26099967956543,30.509000778198242,28.799999237060547,30.417999267578125,428508000,NVDA,-0.031189059275796738,-0.028587433901333337,False,-0.028587433901333337,False
2021-11-19,32.9208869934082,32.98500061035156,33.0880012512207,31.905000686645508,32.24300003051758,533867000,NVDA,0.0413575807188169,0.042756246278120136,False,0.042756246278120136,False
2021-11-22,31.893882751464844,31.95599937438965,34.64699935913086,31.899999618530273,33.516998291015625,754335000,NVDA,-0.0311961291367695,-0.02799899258044758,False,-0.02799899258044758,False
2021-11-23,31.684297561645508,31.746000289916992,32.36000061035156,30.8799991607666,31.53499984741211,532163000,NVDA,-0.006571328785916153,-0.008228461698861267,False,-0.008228461698861267,False
2021-11-24,32.610496520996094,32.67399978637695,32.85499954223633,30.92799949645996,31.461000442504883,435162000,NVDA,0.02923211276969484,0.026938262133972657,False,0.026938262133972657,False
2021-11-26,31.4417667388916,31.503000259399414,32.709999084472656,31.350000381469727,32.599998474121094,283069000,NVDA,-0.035839067379793255,-0.01311424474221079,False,-0.01311424474221079,False
2021-11-29,33.311134338378906,33.375999450683594,33.4119987487793,32.0359992980957,32.36600112915039,454964000,NVDA,0.05945491597248598,0.04625471643545098,False,0.04395068165593279,False
2021-11-30,32.612491607666016,32.67599868774414,33.35300064086914,31.86400032043457,33.16899871826172,622066000,NVDA,-0.020973249473163702,-0.0020119391386584917,False,-0.0020119391386584917,False
2021-12-01,31.37773895263672,31.434999465942383,33.28900146484375,31.3799991607666,33.21900177001953,484368000,NVDA,-0.03786134067533342,-0.026046153257444193,False,-0.026046153257444193,False
2021-12-02,32.067481994628906,32.125999450683594,32.47800064086914,31.024999618530273,31.214000701904297,472890000,NVDA,0.021981923013424387,0.007787486881841277,False,0.007787486881841277,False
2021-12-03,30.6370906829834,30.69300079345703,32.12900161743164,30.1299991607666,32.0,544325000,NVDA,-0.044605663515616456,-0.03615709978531889,False,-0.03583109060278436,False
2021-12-06,29.982288360595703,30.03700065612793,30.240999221801758,28.038000106811523,29.8799991607666,658938000,NVDA,-0.02137286236357261,-0.03310373494102403,False,-0.03310373494102403,False
2021-12-07,32.3679313659668,32.426998138427734,32.44900131225586,30.650999069213867,30.957000732421875,593053000,NVDA,0.07956840974508239,0.05886132937067812,False,0.04395068165593279,False
2021-12-08,31.768030166625977,31.826000213623047,32.290000915527344,31.42099952697754,31.999000549316406,475551000,NVDA,-0.018533813377137442,-0.021619098689454108,False,-0.021619098689454108,False
2021-12-09,30.434463500976562,30.489999771118164,32.20500183105469,30.42799949645996,31.733999252319336,488507000,NVDA,-0.04197826112147163,-0.03479718095157691,False,-0.03479718095157691,False
2021-12-10,30.142993927001953,30.197999954223633,31.30500030517578,29.861000061035156,31.149999618530273,488825000,NVDA,-0.009576957844690037,-0.0191260311831718,False,-0.0191260311831718,False
2021-12-13,28.109703063964844,28.160999298095703,30.29400062561035,28.115999221801758,30.249000549316406,598344000,NVDA,-0.06745484101417332,-0.05831867340260566,False,-0.03583109060278436,False
2021-12-14,28.28538703918457,28.336999893188477,28.67799949645996,27.25,27.698999404907227,667035000,NVDA,0.006249940627972794,0.013720618205408819,False,0.013720618205408819,False
2021-12-15,30.403514862060547,30.458999633789062,30.5,27.83799934387207,28.399999618530273,698297000,NVDA,0.07488417322844731,0.05853570859770052,False,0.04395068165593279,False
2021-12-17,27.7503604888916,27.801000595092773,28.922000885009766,27.760000228881836,27.985000610351562,713758000,NVDA,-0.020643308648340963,-0.010355628011248341,False,-0.010355628011248341,False
2021-12-20,27.668506622314453,27.7189998626709,28.143999099731445,27.145000457763672,27.30500030517578,461847000,NVDA,-0.002949650567959816,0.008438407283450133,False,0.008438407283450133,False
2021-12-21,29.02204132080078,29.075000762939453,29.1200008392334,27.400999069213867,28.374000549316406,524385000,NVDA,0.04891968753364928,0.031141752982076776,False,0.031141752982076776,False
2021-12-22,29.34644317626953,29.399999618530273,29.55500030517578,28.448999404907227,28.891000747680664,395184000,NVDA,0.011177775259945122,0.000997578039366287,False,0.000997578039366287,False
2021-12-23,29.586009979248047,29.639999389648438,30.05900001525879,29.430999755859375,29.7549991607666,343022000,NVDA,0.008163401661303693,0.0019397017396418637,False,0.0019397017396418637,False
2021-12-27,30.888633728027344,30.94499969482422,31.086999893188477,29.639999389648438,29.65999984741211,403686000,NVDA,0.044028368465128365,0.030189433217653106,False,0.030189433217653106,False
2021-12-28,30.266765594482422,30.32200050354004,31.329999923706055,30.011999130249023,31.312000274658203,420591000,NVDA,-0.020132587896908416,-0.019122433048282317,False,-0.019122433048282317,False
2021-12-29,29.946353912353516,30.000999450683594,30.54800033569336,29.365999221801758,30.273000717163086,343139000,NVDA,-0.010586254455524524,-0.011988149594951536,False,-0.011988149594951536,False
2021-12-30,29.5321102142334,29.586000442504883,30.457000732421875,29.540000915527344,29.82699966430664,308864000,NVDA,-0.013832859229958916,-0.010843103635449602,False,-0.010843103635449602,False
2021-12-31,29.357425689697266,29.410999298095703,30.030000686645508,29.33099937438965,29.673999786376953,266530000,NVDA,-0.005915070859106475,-0.00328889094544893,False,-0.00328889094544893,False
2022-01-03,30.066137313842773,30.121000289916992,30.711000442504883,29.78499984741211,29.815000534057617,391547000,NVDA,0.024140795982469987,0.017766743451499423,False,0.017766743451499423,False
2022-01-04,29.236648559570312,29.290000915527344,30.468000411987305,28.349000930786133,30.277000427246094,527154000,NVDA,-0.027588803497233916,-0.026959181540173405,False,-0.026959181540173405,False
2022-01-05,27.5537166595459,27.604000091552734,29.416000366210938,27.533000946044922,28.948999404907227,498064000,NVDA,-0.057562408242360696,-0.03816965045167353,False,-0.03583109060278436,False
2022-01-06,28.126667022705078,28.17799949645996,28.437999725341797,27.065000534057617,27.639999389648438,454186000,NVDA,0.020793941167304597,0.021757710183512247,False,0.021757710183512247,False
2022-01-07,27.197370529174805,27.246999740600586,28.422000885009766,27.05699920654297,28.141000747680664,409939000,NVDA,-0.0330396947772057,-0.028989478037113936,False,-0.028989478037113936,False
2022-01-10,27.350093841552734,27.399999618530273,27.4689998626709,25.643999099731445,26.58099937438965,594681000,NVDA,0.005615370508487372,0.0070564017619423325,False,0.0070564017619423325,False
2022-01-11,27.766334533691406,27.816999435424805,28.065000534057617,26.839000701904297,27.322999954223633,404089000,NVDA,0.015218985885389502,0.006059001216677684,False,0.006059001216677684,False
2022-01-12,27.947999954223633,27.999000549316406,28.594999313354492,27.607999801635742,28.066999435424805,383413000,NVDA,0.006542650428409846,0.0037248959853803942,False,0.0037248959853803942,False
2022-01-13,26.526592254638672,26.575000762939453,28.479999542236328,26.49799919128418,28.378999710083008,540171000,NVDA,-0.05085901323576292,-0.03661539794933222,False,-0.03583109060278436,False
2022-01-14,26.892927169799805,26.941999435424805,27.19700050354004,26.209999084472656,26.299999237060547,395832000,NVDA,0.01381010088459722,0.012990120614848388,False,0.012990120614848388,False
2022-01-18,25.855819702148438,25.902999877929688,26.63800048828125,25.770000457763672,26.260000228881836,424270000,NVDA,-0.038564320689345344,-0.020176374995337976,False,-0.020176374995337976,False
2022-01-19,25.021343231201172,25.066999435424805,26.542999267578125,25.052000045776367,26.07900047302246,488315000,NVDA,-0.03227422222773024,-0.02258468035939143,False,-0.02258468035939143,False
2022-01-20,24.10601043701172,24.149999618530273,25.57900047302246,24.077999114990234,25.304000854492188,435181000,NVDA,-0.03658208057543644,-0.025544702081288118,False,-0.025544702081288118,False
2022-01-21,23.331424713134766,23.374000549316406,24.822999954223633,23.26300048828125,23.506999969482422,718958000,NVDA,-0.03213247276652942,-0.013217650898620814,False,-0.013217650898620814,False
2022-01-24,23.32942771911621,23.371999740600586,23.3799991607666,20.88800048828125,22.329999923706055,913982000,NVDA,-8.559245923078773e-05,-0.002857331402612684,False,-0.002857331402612684,False
2022-01-25,22.28333854675293,22.323999404907227,22.94300079345703,22.0,22.54599952697754,664616000,NVDA,-0.04483989855893944,-0.032667992305292715,False,-0.032667992305292715,False
2022-01-26,22.73052215576172,22.77199935913086,24.05699920654297,22.299999237060547,23.239999771118164,755959000,NVDA,0.02006807050346371,0.021564706351215546,False,0.021564706351215546,False
2022-01-27,21.904033660888672,21.944000244140625,23.9950008392334,21.674999237060547,23.56800079345703,573353000,NVDA,-0.036360295166538825,-0.030976206408828255,False,-0.030976206408828255,False
2022-01-28,22.79839515686035,22.84000015258789,22.857999801635742,21.29599952697754,22.011999130249023,543774000,NVDA,0.040830904016031955,0.01648325712795584,False,0.01648325712795584,False
2022-01-31,24.4414005279541,24.486000061035156,24.509000778198242,23.052000045776367,23.18199920654297,564680000,NVDA,0.07206671170445733,0.053180759971677816,False,0.04395068165593279,False
2022-02-01,24.59311866760254,24.63800048828125,25.145000457763672,23.889999389648438,25.104000091552734,518925000,NVDA,0.0062074241398284435,-0.0006555794179730068,False,-0.0006555794179730068,False
2022-02-02,25.196022033691406,25.242000579833984,25.816999435424805,24.55299949645996,25.79400062561035,543419000,NVDA,0.02451512450444504,0.01509260905710863,False,0.01509260905710863,False
2022-02-03,23.904376983642578,23.947999954223633,25.07699966430664,23.780000686645508,24.45800018310547,410178000,NVDA,-0.05126384825039754,-0.026872766172953533,False,-0.026872766172953533,False
2022-02-04,24.274702072143555,24.319000244140625,24.635000228881836,23.631999969482422,23.972000122070312,354829000,NVDA,0.015491936424629982,0.010335006560206583,False,0.010335006560206583,False
2022-02-07,24.68295669555664,24.72800064086914,25.18199920654297,24.20199966430664,24.371999740600586,376868000,NVDA,0.01681811056629101,0.02051982320103396,False,0.02051982320103396,False
2022-02-08,25.06226348876953,25.107999801635742,25.229999542236328,23.979999542236328,24.358999252319336,410359000,NVDA,0.015367153858077742,0.00696594666641448,False,0.00696594666641448,False
2022-02-09,26.656354904174805,26.704999923706055,26.725000381469727,25.35300064086914,25.621999740600586,524282000,NVDA,0.06360524523731037,0.049088037349804825,False,0.04395068165593279,False
2022-02-10,25.776962280273438,25.823999404907227,26.924999237060547,25.600000381469727,25.9950008392334,513200000,NVDA,-0.03298998032786693,-0.014874254659407171,False,-0.014874254659407171,False
2022-02-11,23.905376434326172,23.948999404907227,26.152000427246094,23.773000717163086,25.916000366210938,605472000,NVDA,-0.07260692030338856,-0.053637465958825126,False,-0.03583109060278436,False
2022-02-14,24.22279930114746,24.267000198364258,24.875,23.7549991607666,23.93400001525879,440424000,NVDA,0.013278304472357005,0.017118901198650227,False,0.017118901198650227,False
2022-02-16,26.462709426879883,26.51099967956543,26.582000732421875,25.552000045776367,26.259000778198242,732676000,NVDA,0.0006037195354582359,-0.00027748822043682786,False,-0.00027748822043682786,False
2022-02-17,24.462358474731445,24.506999969482422,25.78499984741211,24.165000915527344,25.6299991607666,810595000,NVDA,-0.07559131303904021,-0.054418174886845194,False,-0.03583109060278436,False
2022-02-18,23.598934173583984,23.642000198364258,24.986000061035156,23.100000381469727,24.667999267578125,761255000,NVDA,-0.03529603664500869,-0.028129875248865788,False,-0.028129875248865788,False
2022-02-22,23.347396850585938,23.389999389648438,24.06399917602539,23.0,23.03499984741211,633422000,NVDA,-0.010658842520083422,-0.0005158972552505858,False,-0.0005158972552505858,False
2022-02-23,22.346220016479492,22.386999130249023,24.155000686645508,22.301000595092773,23.802000045776367,566511000,NVDA,-0.04288173283358221,-0.024469609988094554,False,-0.024469609988094554,False
2022-02-24,23.704744338989258,23.74799919128418,23.799999237060547,20.889999389648438,21.014999389648438,735801000,NVDA,0.06079436797399773,0.045837511906668515,False,0.04395068165593279,False
2022-02-25,24.11299705505371,24.156999588012695,24.216999053955078,23.381000518798828,23.72100067138672,528866000,NVDA,0.017222405364354154,-0.005150272291249314,False,-0.005150272291249314,False
2022-02-28,24.3405818939209,24.385000228881836,24.665000915527344,23.707000732421875,23.992000579833984,477319000,NVDA,0.009438264283265108,0.011880867723912725,False,0.011880867723912725,False
2022-03-01,23.434234619140625,23.476999282836914,24.37700080871582,23.131999969482422,24.291000366210938,412056000,NVDA,-0.03723605617689174,-0.021762552496479848,False,-0.021762552496479848,False
2022-03-02,24.18000030517578,24.219999313354492,24.409000396728516,23.415000915527344,23.756000518798828,389642000,NVDA,0.03182376971791645,0.013181077960595422,False,0.013181077960595422,False
2022-03-03,23.674837112426758,23.714000701904297,24.326000213623047,23.4689998626709,24.261999130249023,365095000,NVDA,-0.020891777765647546,-0.01563711133555923,False,-0.01563711133555923,False
2022-03-04,22.89812469482422,22.93600082397461,23.68000030517578,22.48200035095215,23.384000778198242,431415000,NVDA,-0.032807508407094677,-0.024873465856760202,False,-0.024873465856760202,False
2022-03-07,21.316740036010742,21.351999282836914,23.033000946044922,21.329999923706055,22.816999435424805,450821000,NVDA,-0.06906175417810201,-0.039543595864652836,False,-0.03583109060278436,False
2022-03-08,21.478469848632812,21.513999938964844,22.37299919128418,20.649999618530273,21.30900001525879,557467000,NVDA,0.007586986206561397,0.014820739724761167,False,0.014820739724761167,False
2022-03-09,22.975990295410156,23.013999938964844,23.219999313354492,22.246999740600586,22.386999130249023,492742000,NVDA,0.06972193351439637,0.04402368562296055,False,0.04395068165593279,False
2022-03-10,22.620586395263672,22.658000946044922,22.788000106811523,21.881999969482422,22.5310001373291,428066000,NVDA,-0.015468491045519062,-0.011176677393851198,False,-0.011176677393851198,False
2022-03-11,22.063507080078125,22.100000381469727,23.145000457763672,22.04599952697754,23.02199935913086,367209000,NVDA,-0.02462709434014443,-0.011665549216669291,False,-0.011665549216669291,False
2022-03-14,21.294776916503906,21.329999923706055,22.261999130249023,21.159000396728516,21.868999481201172,385354000,NVDA,-0.034841703124719015,-0.027420700658755348,False,-0.027420700658755348,False
2022-03-15,22.935062408447266,22.972999572753906,23.038000106811523,21.32200050354004,21.51799964904785,491996000,NVDA,0.07702759687856142,0.05561902270769048,False,0.04395068165593279,False
2022-03-16,24.45554542541504,24.496000289916992,24.597000122070312,23.172000885009766,23.5,671422000,NVDA,0.06629513318471547,0.04391137182753324,False,0.04391137182753324,False
2022-03-17,24.725099563598633,24.766000747680664,24.841999053955078,23.9060001373291,24.1200008392334,471941000,NVDA,0.011022209216542844,-0.0013256083549091358,False,-0.0013256083549091358,False
2022-03-18,26.40931510925293,26.452999114990234,26.569000244140625,24.624000549316406,24.798999786376953,730719000,NVDA,0.06811764463565084,0.05645534980770206,False,0.04395068165593279,False
2022-03-21,26.689851760864258,26.733999252319336,27.152000427246094,25.966999053955078,26.506999969482422,591727000,NVDA,0.010622640172635034,0.011057300534738967,False,0.011057300534738967,False
2022-03-22,26.480199813842773,26.52400016784668,27.238000869750977,26.07200050354004,26.726999282836914,547007000,NVDA,-0.007855118451009946,-0.019159232051660147,False,-0.019159232051660147,False
2022-03-23,25.59166717529297,25.634000778198242,26.61199951171875,25.575000762939453,26.125999450683594,502120000,NVDA,-0.033554604753598394,-0.02128190596443935,False,-0.02128190596443935,False
2022-03-25,27.64626693725586,27.691999435424805,28.357999801635742,27.270999908447266,27.88599967956543,579016000,NVDA,-0.01626995942062659,-0.02133612998807566,False,-0.02133612998807566,False
2022-03-28,28.172395706176758,28.2189998626709,28.25,27.20599937438965,27.756000518798828,425494000,NVDA,0.01903073460568705,0.011885779329100288,False,0.011885779329100288,False
2022-03-29,28.60867691040039,28.6560001373291,28.945999145507812,27.979999542236328,28.69499969482422,488984000,NVDA,0.015486123678433827,0.0032295762509033654,False,0.0032295762509033654,False
2022-03-30,27.644271850585938,27.690000534057617,28.496000289916992,27.503000259399414,28.304000854492188,463487000,NVDA,-0.03371022934177892,-0.02741652916708104,False,-0.02741652916708104,False
2022-03-31,27.240938186645508,27.285999298095703,28.24799919128418,27.270000457763672,27.781999588012695,523440000,NVDA,-0.014590135204877175,0.0010624055083001682,False,0.0010624055083001682,False
2022-04-01,26.66788673400879,26.711999893188477,27.496000289916992,26.267000198364258,27.375,517235000,NVDA,-0.021036406628522353,-0.024446629212880766,False,-0.024446629212880766,False
2022-04-04,27.314817428588867,27.360000610351562,27.558000564575195,26.613000869750977,26.72800064086914,397120000,NVDA,0.024258791145796543,0.016167852457917187,False,0.016167852457917187,False
2022-04-05,25.888172149658203,25.930999755859375,27.319000244140625,25.81999969482422,27.253999710083008,436615000,NVDA,-0.05222972046803709,-0.03967799966622976,False,-0.03583109060278436,False
2022-04-06,24.366689682006836,24.406999588012695,25.299999237060547,24.003000259399414,24.93400001525879,703833000,NVDA,-0.05877133614747898,-0.04905441953420708,False,-0.03583109060278436,False
2022-04-07,24.16802215576172,24.20800018310547,24.722000122070312,23.47800064086914,24.44099998474121,557992000,NVDA,-0.008153242350019352,-0.012406627978511886,False,-0.012406627978511886,False
2022-04-08,23.08082389831543,23.118999481201172,23.92300033569336,23.062000274658203,23.91699981689453,524781000,NVDA,-0.04498499092889563,-0.04233396444684134,False,-0.03583109060278436,False
2022-04-11,21.880807876586914,21.91699981689453,22.31999969482422,21.65999984741211,22.214000701904297,575207000,NVDA,-0.05199190579224078,-0.03511461568868657,False,-0.03511461568868657,False
2022-04-12,21.46848487854004,21.503999710083008,22.725000381469727,21.281999588012695,22.53700065612793,662258000,NVDA,-0.018844048189284313,-0.01542660047154254,False,-0.01542660047154254,False
2022-04-13,22.166330337524414,22.202999114990234,22.5,21.454999923706055,21.72800064086914,516943000,NVDA,0.03250557563482004,0.02133099803758398,False,0.02133099803758398,False
2022-04-14,21.222890853881836,21.257999420166016,22.777000427246094,21.163000106811523,22.5049991607666,569097000,NVDA,-0.042561825492849925,-0.030417687648451985,False,-0.030417687648451985,False
2022-04-18,21.747028350830078,21.783000946044922,22.08799934387207,21.07900047302246,21.200000762939453,525701000,NVDA,0.02469680028780674,0.02490166857183973,False,0.02490166857183973,False
2022-04-19,22.16134262084961,22.197999954223633,22.37299919128418,21.31399917602539,21.719999313354492,512781000,NVDA,0.019051534919423352,0.0029939305638961855,False,0.0029939305638961855,False
2022-04-20,21.4465274810791,21.48200035095215,22.670000076293945,21.200000762939453,22.517000198364258,468974000,NVDA,-0.032255046636840645,-0.031636571565259675,False,-0.031636571565259675,False
2022-04-21,20.149673461914062,20.183000564575195,22.392000198364258,20.0,21.708999633789062,656209000,NVDA,-0.060469184128254305,-0.04571623562988236,False,-0.03583109060278436,False
2022-04-22,19.482770919799805,19.514999389648438,20.486000061035156,19.5,20.30299949645996,624713000,NVDA,-0.03309743670907639,-0.005357382458322735,False,-0.005357382458322735,False
2022-04-25,19.869136810302734,19.902000427246094,19.94499969482422,19.09600067138672,19.20199966430664,641566000,NVDA,0.01983115708198757,0.014133220096605337,False,0.014133220096605337,False
2022-04-26,18.756973266601562,18.788000106811523,19.788000106811523,18.670000076293945,19.718000411987305,653143000,NVDA,-0.05597442678659714,-0.02782811835559329,False,-0.02782811835559329,False
2022-04-27,18.38459014892578,18.415000915527344,19.16699981689453,18.290000915527344,18.597999572753906,499460000,NVDA,-0.019853049443688375,-0.02195109629539016,False,-0.02195109629539016,False
2022-04-28,19.749326705932617,19.781999588012695,20.03700065612793,18.489999771118164,18.966999053955078,570327000,NVDA,0.07423263428510962,0.049485734212170174,False,0.04395068165593279,False
2022-04-29,18.51637077331543,18.547000885009766,20.128000259399414,18.517000198364258,19.402000427246094,500435000,NVDA,-0.06243027678745183,-0.026145769681037878,False,-0.026145769681037878,False
2022-05-02,19.50074577331543,19.533000946044922,19.573999404907227,18.391000747680664,18.541000366210938,572049000,NVDA,0.053162415683456477,0.04748717287110282,False,0.04395068165593279,False
2022-05-03,19.569631576538086,19.601999282836914,19.825000762939453,19.132999420166016,19.399999618530273,475751000,NVDA,0.003532470194905102,-0.0013046561865812656,False,-0.0013046561865812656,False
2022-05-04,20.300418853759766,20.333999633789062,20.399999618530273,18.750999450683594,19.92300033569336,648855000,NVDA,0.037342924641351694,0.007480503556949403,False,0.007480503556949403,False
2022-05-05,18.812881469726562,18.8439998626709,19.924999237060547,18.5,19.867000579833984,626331000,NVDA,-0.07327619172535949,-0.0376264831155525,False,-0.03583109060278436,False
2022-05-06,18.6441593170166,18.674999237060547,19.511999130249023,17.989999771118164,18.736000061035156,633297000,NVDA,-0.008968437556015396,-0.0032942127135313637,False,-0.0032942127135313637,False
2022-05-10,17.565940856933594,17.594999313354492,18.197999954223633,17.024999618530273,17.68899917602539,761474000,NVDA,0.03805306692230226,0.035595169472448784,False,0.035595169472448784,False
2022-05-11,16.6025390625,16.6299991607666,17.753000259399414,16.56800079345703,17.347000122070312,670167000,NVDA,-0.05484487294361584,-0.03838166543967747,False,-0.03583109060278436,False
2022-05-12,16.148286819458008,16.174999237060547,16.788000106811523,15.567000389099121,16.2189998626709,708728000,NVDA,-0.027360408027468974,-0.026064443521597203,False,-0.026064443521597203,False
2022-05-16,17.235488891601562,17.263999938964844,17.788000106811523,17.106000900268555,17.509000778198242,521446000,NVDA,-0.024963437585579396,-0.021017036656023724,False,-0.021017036656023724,False
2022-05-17,18.14698028564453,18.177000045776367,18.371000289916992,17.634000778198242,18.073999404907227,585830000,NVDA,0.05288456856521884,0.03271493633035516,False,0.03271493633035516,False
2022-05-18,16.9100284576416,16.937999725341797,18.118000030517578,16.86400032043457,17.704999923706055,545161000,NVDA,-0.06816295651025972,-0.02776769572280713,False,-0.02776769572280713,False
2022-05-19,17.09572410583496,17.124000549316406,17.687000274658203,16.733999252319336,16.937000274658203,621310000,NVDA,0.010981391820747977,0.016815173621740565,False,0.016815173621740565,False
2022-05-20,16.666431427001953,16.694000244140625,17.40999984741211,15.755000114440918,17.332000732421875,739105000,NVDA,-0.02511111411107092,-0.025257255880729357,False,-0.025257255880729357,False
2022-05-23,16.87009048461914,16.898000717163086,16.915000915527344,16.179000854492188,16.27400016784668,639889000,NVDA,0.012219715930744002,-0.006335324000179554,False,-0.006335324000179554,False
2022-05-24,16.127323150634766,16.15399932861328,16.597000122070312,15.779999732971191,16.510000228881836,588550000,NVDA,-0.04402865145634949,-0.035907853839174275,False,-0.03583109060278436,False
2022-05-25,16.946969985961914,16.975000381469727,17.111000061035156,16.0,16.020000457763672,781132000,NVDA,0.05082348928407798,0.04137272454987029,False,0.04137272454987029,False
2022-05-26,17.821517944335938,17.85099983215332,18.091999053955078,16.02199935913086,16.035999298095703,996575000,NVDA,0.05160497475940873,0.031721718592184533,False,0.031721718592184533,False
2022-05-27,18.779935836791992,18.81100082397461,18.881000518798828,18.100000381469727,18.18600082397461,738379000,NVDA,0.053778690201900625,0.029036427246790897,False,0.029036427246790897,False
2022-05-31,18.641162872314453,18.672000885009766,19.200000762939453,18.350000381469727,18.979999542236328,664100000,NVDA,-0.007389426975872193,-0.001115058358213128,False,-0.001115058358213128,False
2022-06-01,18.289745330810547,18.31999969482422,19.05299949645996,18.121999740600586,18.724000930786133,544514000,NVDA,-0.018851696319108213,-0.011368927637976367,False,-0.011368927637976367,False
2022-06-02,19.55964469909668,19.591999053955078,19.618999481201172,18.197999954223633,18.29199981689453,648656000,NVDA,0.0694323155034251,0.05100129746493898,False,0.04395068165593279,False
2022-06-03,18.6890869140625,18.719999313354492,19.332000732421875,18.52199935913086,19.082000732421875,598779000,NVDA,-0.04450785269501267,-0.02816053870259705,False,-0.02816053870259705,False
2022-06-06,18.754972457885742,18.785999298095703,19.336999893188477,18.56399917602539,19.138999938964844,422406000,NVDA,0.0035253484627795206,0.00038794768386640754,False,0.00038794768386640754,False
2022-06-07,18.894744873046875,18.926000595092773,19.0,18.187999725341797,18.472000122070312,388914000,NVDA,0.007452552408434121,-0.0020708407648009075,False,-0.0020708407648009075,False
2022-06-08,18.621139526367188,18.648000717163086,19.18000030517578,18.53499984741211,18.798999786376953,363252000,NVDA,-0.014480499658398815,-0.003686553872463194,False,-0.003686553872463194,False
2022-06-09,18.022005081176758,18.04800033569336,18.933000564575195,18.041000366210938,18.481000900268555,395574000,NVDA,-0.032174961384187406,-0.008376267407833815,False,-0.008376267407833815,False
2022-06-10,16.94955062866211,16.974000930786133,17.69700050354004,16.868999481201172,17.600000381469727,465248000,NVDA,-0.05950805405303006,-0.03039775071750539,False,-0.03039775071750539,False
2022-06-13,15.62446403503418,15.647000312805176,16.312000274658203,15.605999946594238,16.0,604153000,NVDA,-0.07817827284383427,-0.039409842178597,False,-0.03583109060278436,False
2022-06-14,15.813191413879395,15.836000442504883,16.06599998474121,15.411999702453613,15.730999946594238,469680000,NVDA,0.012078966575879813,0.015852646321875552,False,0.015852646321875552,False
2022-06-15,16.503192901611328,16.527000427246094,16.868000030517578,15.925999641418457,16.094999313354492,563936000,NVDA,0.043634549767500586,0.02904204490851736,False,0.02904204490851736,False
2022-06-16,15.578529357910156,15.60099983215332,15.942000389099121,15.401000022888184,15.859999656677246,545749000,NVDA,-0.05602937257134588,-0.023517421083182444,False,-0.023517421083182444,False
2022-06-17,15.85712718963623,15.880000114440918,15.994999885559082,15.32800006866455,15.64799976348877,630334000,NVDA,0.017883448772692656,0.01568258307443804,False,0.01568258307443804,False
2022-06-21,16.542137145996094,16.56599998474121,17.007999420166016,16.406999588012695,16.475000381469727,483089000,NVDA,0.04319886875899992,0.018721626478912956,False,0.018721626478912956,False
2022-06-22,16.336437225341797,16.360000610351562,16.66200065612793,16.18000030517578,16.22599983215332,437135000,NVDA,-0.012434906012376068,-0.011133333697975423,False,-0.011133333697975423,False
2022-06-23,16.201627731323242,16.225000381469727,16.584999084472656,15.852999687194824,16.518999099731445,463680000,NVDA,-0.008252074314553215,-0.017784291723731083,False,-0.017784291723731083,False
2022-06-24,17.101333618164062,17.125999450683594,17.139999389648438,16.309999465942383,16.5,472153000,NVDA,0.05553182073807217,0.02496852715223641,False,0.02496852715223641,False
2022-06-27,16.844701766967773,16.868999481201172,17.329999923706055,16.625999450683594,17.312000274658203,427968000,NVDA,-0.015006540245709798,-0.01203346871193356,False,-0.01203346871193356,False
2022-06-28,15.958979606628418,15.982000350952148,17.20199966430664,15.944999694824219,16.899999618530273,461149000,NVDA,-0.05258164689363898,-0.032438610817746905,False,-0.032438610817746905,False
2022-06-29,15.519613265991211,15.541999816894531,15.819999694824219,15.170000076293945,15.814000129699707,482352000,NVDA,-0.027530979515427156,-0.026819234106268075,False,-0.026819234106268075,False
2022-06-30,15.137165069580078,15.159000396728516,15.567000389099121,14.862000465393066,15.361000061035156,686070000,NVDA,-0.024642894758802214,-0.015883616490803498,False,-0.015883616490803498,False
2022-07-01,14.502080917358398,14.52299976348877,15.062999725341797,14.392000198364258,14.89900016784668,577610000,NVDA,-0.041955290128794065,-0.05250910415784138,False,-0.03583109060278436,False
2022-07-05,14.942445755004883,14.96399974822998,14.970999717712402,14.055000305175781,14.175000190734863,651397000,NVDA,0.030365630984680703,0.028781502470444087,False,0.028781502470444087,False
2022-07-06,15.108206748962402,15.130000114440918,15.319000244140625,14.788999557495117,15.010000228881836,529066000,NVDA,0.01109329735408271,0.007520133063652512,False,0.007520133063652512,False
2022-07-07,15.835158348083496,15.857999801635742,15.944999694824219,15.388999938964844,15.456000328063965,492903000,NVDA,0.048116339099676386,0.03315175113443458,False,0.03315175113443458,False
2022-07-08,15.815186500549316,15.838000297546387,16.03700065612793,15.388999938964844,15.430000305175781,467972000,NVDA,-0.0012612344692212174,-0.00043096293940214636,False,-0.00043096293940214636,False
2022-07-11,15.130175590515137,15.152000427246094,15.527000427246094,15.038000106811523,15.526000022888184,437321000,NVDA,-0.04331348922191891,-0.031786027799141636,False,-0.031786027799141636,False
2022-07-12,15.06027603149414,15.081999778747559,15.430999755859375,14.876999855041504,15.267999649047852,458483000,NVDA,-0.004619877581910847,0.004624001135410727,False,0.004624001135410727,False
2022-07-13,15.142158508300781,15.163999557495117,15.375,14.46500015258789,14.59000015258789,521918000,NVDA,0.005436983799991912,0.009893886312202005,False,0.009893886312202005,False
2022-07-14,15.349858283996582,15.371999740600586,15.472999572753906,14.727999687194824,15.107999801635742,456235000,NVDA,0.013716655758288399,0.01671528966044067,False,0.01671528966044067,False
2022-07-15,15.739296913146973,15.76200008392334,15.781999588012695,15.444999694824219,15.659000396728516,385935000,NVDA,0.025370828964356607,0.006169579604919928,False,0.006169579604919928,False
2022-07-18,16.07780647277832,16.10099983215332,16.89699935913086,16.00200080871582,16.302000045776367,670517000,NVDA,0.021507285967049317,0.029870857547880658,False,0.029870857547880658,False
2022-07-19,16.967525482177734,16.992000579833984,17.110000610351562,16.172000885009766,16.486000061035156,702366000,NVDA,0.055338333055931166,0.027710041409971575,False,0.027710041409971575,False
2022-07-20,17.781349182128906,17.80699920654297,17.933000564575195,16.801000595092773,16.94700050354004,760538000,NVDA,0.04796360558326507,0.042067799390001825,False,0.042067799390001825,False
2022-07-21,18.024003982543945,18.049999237060547,18.143999099731445,17.545000076293945,17.885000228881836,557049000,NVDA,0.013646591039273792,0.003785218330076612,False,0.003785218330076612,False
2022-07-22,17.294055938720703,17.319000244140625,17.966999053955078,17.136999130249023,17.89299964904785,536671000,NVDA,-0.04049866192496343,-0.03116619494861672,False,-0.03116619494861672,False
2022-07-25,16.999475479125977,17.02400016784668,17.124000549316406,16.64900016784668,17.018999099731445,480748000,NVDA,-0.0170336247690267,-0.01834879181699589,False,-0.01834879181699589,False
2022-07-26,16.509185791015625,16.533000946044922,16.91900062561035,16.47800064086914,16.888999938964844,397865000,NVDA,-0.028841459768119804,-0.017298257106061143,False,-0.017298257106061143,False
2022-07-27,17.764375686645508,17.790000915527344,17.93600082397461,16.913000106811523,17.031999588012695,569776000,NVDA,0.07602978799311622,0.04987351421017849,False,0.04395068165593279,False
2022-07-28,17.958093643188477,17.983999252319336,18.139999389648438,17.440000534057617,17.975000381469727,474646000,NVDA,0.010904855873353103,-0.0012284828238278145,False,-0.0012284828238278145,False
2022-07-29,18.136838912963867,18.163000106811523,18.243999481201172,17.691999435424805,17.812999725341797,435460000,NVDA,0.009953465736781464,-0.00425429434580038,False,-0.00425429434580038,False
2022-08-01,18.41444206237793,18.44099998474121,18.84600067138672,17.989999771118164,18.18199920654297,476469000,NVDA,0.015306038210199713,0.018129122337397385,False,0.018129122337397385,False
2022-08-02,18.49931526184082,18.525999069213867,18.937999725341797,18.091999053955078,18.121999740600586,489527000,NVDA,0.004609056260047817,0.01127145181075262,False,0.01127145181075262,False
2022-08-03,18.86578369140625,18.89299964904785,18.968000411987305,18.136999130249023,18.18400001525879,418146000,NVDA,0.019809837519843665,0.004171360356703513,False,0.004171360356703513,False
2022-08-04,19.18732261657715,19.21500015258789,19.27400016784668,18.760000228881836,18.849000930786133,409652000,NVDA,0.017043496863444085,0.017820837027499925,False,0.017820837027499925,False
2022-08-05,18.961650848388672,18.98900032043457,19.229000091552734,18.666000366210938,18.809999465942383,386068000,NVDA,-0.011761503816770325,-0.010135757757034791,False,-0.010135757757034791,False
2022-08-09,17.061389923095703,17.086000442504883,17.44700050354004,16.724000930786133,17.25200080871582,668263000,NVDA,-0.039734756667045956,-0.03548606377345187,False,-0.03548606377345187,False
2022-08-10,18.070932388305664,18.097000122070312,18.118000030517578,17.316999435424805,17.697999954223633,597422000,NVDA,0.059171173612494465,0.03788053597120422,False,0.03788053597120422,False
2022-08-11,17.91615867614746,17.941999435424805,18.707000732421875,17.875999450683594,18.131000518798828,509327000,NVDA,-0.008564788403412016,-0.007859314445061716,False,-0.007859314445061716,False
2022-08-12,18.682050704956055,18.708999633789062,18.718000411987305,17.952999114990234,18.15999984741211,478094000,NVDA,0.0427486741244516,0.02542630534988466,False,0.02542630534988466,False
2022-08-15,19.00458526611328,19.031999588012695,19.163999557495117,18.613000869750977,18.701000213623047,457666000,NVDA,0.01726440883021807,0.0132948669303663,False,0.0132948669303663,False
2022-08-16,18.851808547973633,18.878999710083008,19.142000198364258,18.500999450683594,18.920000076293945,451240000,NVDA,-0.008038939866373274,-0.009914619582954365,False,-0.009914619582954365,False
2022-08-17,18.30858612060547,18.334999084472656,18.687999725341797,18.145000457763672,18.523000717163086,446799000,NVDA,-0.028815401237806126,-0.021577606283711526,False,-0.021577606283711526,False
2022-08-18,18.74596405029297,18.773000717163086,18.864999771118164,18.183000564575195,18.301000595092773,415447000,NVDA,0.023889224804489517,0.021619663634298014,False,0.021619663634298014,False
2022-08-19,17.823287963867188,17.849000930786133,18.520000457763672,17.770000457763672,18.4060001373291,441588000,NVDA,-0.049219985910053055,-0.03631998477020515,False,-0.03583109060278436,False
2022-08-22,17.00946617126465,17.034000396728516,17.558000564575195,16.965999603271484,17.489999771118164,409593000,NVDA,-0.04566058710673271,-0.02426052218701691,False,-0.02426052218701691,False
2022-08-23,17.156251907348633,17.180999755859375,17.46500015258789,16.969999313354492,16.98900032043457,369986000,NVDA,0.008629649784774651,0.01086751246248796,False,0.01086751246248796,False
2022-08-24,17.197193145751953,17.222000122070312,17.4060001373291,16.895000457763672,17.011999130249023,522661000,NVDA,0.002386374286436288,-0.0005297861598647646,False,-0.0005297861598647646,False
2022-08-25,17.88719940185547,17.913000106811523,17.94700050354004,16.83300018310547,16.8439998626709,770691000,NVDA,0.040123190468088765,0.02603158495002722,False,0.02603158495002722,False
2022-08-26,16.2365779876709,16.260000228881836,17.923999786376953,16.23699951171875,17.85700035095215,769127000,NVDA,-0.09227947746886234,-0.05859141874934359,False,-0.03583109060278436,False
2022-08-29,15.778242111206055,15.800999641418457,16.33799934387207,15.767000198364258,16.020000457763672,496132000,NVDA,-0.02822860068253774,-0.021562244883035042,False,-0.021562244883035042,False
2022-08-30,15.445719718933105,15.468000411987305,16.038999557495117,15.182000160217285,15.960000038146973,530181000,NVDA,-0.021074742669640267,-0.010046587098192061,False,-0.010046587098192061,False
2022-08-31,15.072260856628418,15.093999862670898,15.539999961853027,14.958999633789062,15.383999824523926,573710000,NVDA,-0.024178793160859136,-0.01636176805488787,False,-0.01636176805488787,False
2022-09-02,13.62734317779541,13.647000312805176,14.170999526977539,13.590999603271484,14.100000381469727,743157000,NVDA,-0.020807918670887382,-0.010071418212806327,False,-0.010071418212806327,False
2022-09-06,13.445605278015137,13.46500015258789,13.779000282287598,13.35099983215332,13.730999946594238,535751000,NVDA,-0.013336267929056067,-0.009241210945221123,False,-0.009241210945221123,False
2022-09-07,13.698317527770996,13.71399974822998,13.838000297546387,13.345999717712402,13.562999725341797,512657000,NVDA,0.01879515607743354,0.00045413968469953936,False,0.00045413968469953936,False
2022-09-08,13.973999977111816,13.989999771118164,14.008000373840332,13.369000434875488,13.458999633789062,624873000,NVDA,0.020125278070239006,0.013514556192782967,False,0.013514556192782967,False
2022-09-09,14.370546340942383,14.38700008392334,14.473999977111816,14.12600040435791,14.156999588012695,486612000,NVDA,0.02837744128238695,0.013105991466054068,False,0.013105991466054068,False
2022-09-12,14.488411903381348,14.505000114440918,14.54699993133545,14.197999954223633,14.369000434875488,484159000,NVDA,0.008201884579931429,-0.002382388189418272,False,-0.002382388189418272,False
2022-09-13,13.115982055664062,13.130999565124512,13.92199993133545,13.098999977111816,13.802000045776367,714956000,NVDA,-0.0947260373924752,-0.05148942399185841,False,-0.03583109060278436,False
2022-09-14,13.112985610961914,13.128000259399414,13.289999961853027,12.913000106811523,13.253999710083008,588507000,NVDA,-0.00022845751766287226,-0.003615469602986754,False,-0.003615469602986754,False
2022-09-15,12.914213180541992,12.928999900817871,13.232999801635742,12.789999961853027,13.015000343322754,523625000,NVDA,-0.015158441892421215,-0.0038407027080678002,False,-0.0038407027080678002,False
2022-09-16,13.182904243469238,13.197999954223633,13.211999893188477,12.616999626159668,12.741999626159668,670751000,NVDA,0.02080584075629832,0.027987974845746777,False,0.027987974845746777,False
2022-09-19,13.36669635772705,13.381999969482422,13.463000297546387,13.010000228881836,13.01200008392334,569685000,NVDA,0.01394170137804518,0.007084600661758644,False,0.007084600661758644,False
2022-09-20,13.160929679870605,13.175999641418457,13.482999801635742,13.057000160217285,13.21500015258789,524818000,NVDA,-0.015393981605447027,-0.004121878508085208,False,-0.004121878508085208,False
2022-09-21,13.245834350585938,13.26099967956543,14.031000137329102,13.109999656677246,13.213000297546387,807679000,NVDA,0.006451266953062751,0.02356776055384724,False,0.02356776055384724,False
2022-09-22,12.546634674072266,12.560999870300293,13.14900016784668,12.428000450134277,13.069999694824219,759162000,NVDA,-0.052786382345385574,-0.04435880136569614,False,-0.03583109060278436,False
2022-09-23,12.50168514251709,12.515999794006348,12.611000061035156,12.256999969482422,12.420000076293945,663309000,NVDA,-0.0035825966661853226,0.013650022349275703,False,0.013650022349275703,False
2022-09-26,12.21401596069336,12.227999687194824,12.659000396728516,12.21399974822998,12.491000175476074,547343000,NVDA,-0.023010432477250098,-0.012669906268968023,False,-0.012669906268968023,False
2022-09-27,12.3988037109375,12.413000106811523,12.736000061035156,12.258000373840332,12.506999969482422,553854000,NVDA,0.015129155786173687,0.0172495155954161,False,0.0172495155954161,False
2022-09-28,12.721433639526367,12.736000061035156,12.822999954223633,12.354000091552734,12.40999984741211,542414000,NVDA,0.02602105300725599,0.006348913081021257,False,0.006348913081021257,False
2022-09-29,12.206024169921875,12.220000267028809,12.5,11.946000099182129,12.447999954223633,532763000,NVDA,-0.04051504604033618,-0.019388608160097354,False,-0.019388608160097354,False
2022-09-30,12.125117301940918,12.138999938964844,12.633000373840332,12.074999809265137,12.086999893188477,565638000,NVDA,-0.00662843747109132,0.008438258300891954,False,0.008438258300891954,False
2022-10-03,12.49769115447998,12.51200008392334,12.678000450134277,12.104999542236328,12.347000122070312,547478000,NVDA,0.030727443146419953,0.004843548193843805,False,0.004843548193843805,False
2022-10-04,13.15194034576416,13.166999816894531,13.220000267028809,12.878999710083008,12.878999710083008,584182000,NVDA,0.05234960467475269,0.021765903995201175,False,0.021765903995201175,False
2022-10-05,13.193890571594238,13.208999633789062,13.321000099182129,12.621000289916992,12.91100025177002,507131000,NVDA,0.0031896605920653798,0.005207609349150211,False,0.005207609349150211,False
2022-10-06,13.114982604980469,13.130000114440918,13.656000137329102,13.102999687194824,13.220000267028809,644157000,NVDA,-0.005980644313031802,0.004264436533608196,False,0.004264436533608196,False
2022-10-07,12.062190055847168,12.076000213623047,12.670000076293945,12.022000312805176,12.505000114440918,672478000,NVDA,-0.08027403320638016,-0.05227041541960664,False,-0.03583109060278436,False
2022-10-10,11.656651496887207,11.670000076293945,12.12399959564209,11.407999992370605,12.036999702453613,698699000,NVDA,-0.03362064078598859,-0.026128177152086707,False,-0.026128177152086707,False
2022-10-11,11.572751998901367,11.586000442504883,11.845999717712402,11.282999992370605,11.560999870300293,667482000,NVDA,-0.007197564241175458,-0.0006783884634210535,False,-0.0006783884634210535,False
2022-10-12,11.486846923828125,11.5,11.734999656677246,11.345000267028809,11.579000473022461,492590000,NVDA,-0.007423046400838573,-0.004132273252823615,False,-0.004132273252823615,False
2022-10-13,11.946322441101074,11.960000038146973,12.07800006866455,10.812999725341797,10.970999717712402,850103000,NVDA,0.040000142799833105,0.014034500338968137,False,0.014034500338968137,False
2022-10-14,11.214160919189453,11.22700023651123,12.111000061035156,11.204000473022461,12.057000160217285,713432000,NVDA,-0.06128760758981644,-0.03762494397416205,False,-0.03583109060278436,False
2022-10-17,11.874402046203613,11.887999534606934,11.947999954223633,11.517000198364258,11.517999649047852,580774000,NVDA,0.058875660138278274,0.032395607836107176,False,0.032395607836107176,False
2022-10-18,11.953313827514648,11.967000007629395,12.491999626159668,11.618000030517578,12.343999862670898,659362000,NVDA,0.006645537266128265,-0.004782032400360459,False,-0.004782032400360459,False
2022-10-19,12.037216186523438,12.050999641418457,12.350000381469727,11.833999633789062,11.878999710083008,523131000,NVDA,0.007019171438104488,0.013691268731554795,False,0.013691268731554795,False
2022-10-20,12.180054664611816,12.194000244140625,12.769000053405762,12.104999542236328,12.11299991607666,652398000,NVDA,0.011866404646640571,0.01981731435320544,False,0.01981731435320544,False
2022-10-21,12.451743125915527,12.465999603271484,12.498000144958496,11.88700008392334,12.097999572753906,609494000,NVDA,0.022306013296728544,-0.0014188065255362758,False,-0.0014188065255362758,False
2022-10-24,12.584590911865234,12.598999977111816,12.710000038146973,12.064000129699707,12.508000373840332,517457000,NVDA,0.010669011126098082,-0.0012129655285217922,False,-0.0012129655285217922,False
2022-10-25,13.245834350585938,13.26099967956543,13.300000190734863,12.663999557495117,12.694000244140625,505482000,NVDA,0.052543896210186514,0.0362772416305166,False,0.0362772416305166,False
2022-10-26,12.881250381469727,12.895999908447266,13.387999534606934,12.708000183105469,12.869000434875488,532953000,NVDA,-0.027524424620339882,-0.020136708547975335,False,-0.020136708547975335,False
2022-10-27,13.160929679870605,13.175999641418457,13.838000297546387,13.121999740600586,13.630000114440918,583113000,NVDA,0.0217121234444142,0.027794734062625448,False,0.027794734062625448,False
2022-10-28,13.818178176879883,13.833999633789062,13.850000381469727,13.060999870300293,13.104000091552734,521040000,NVDA,0.049939366974547816,0.02531298907862012,False,0.02531298907862012,False
2022-10-31,13.48156452178955,13.496999740600586,13.838000297546387,13.29699993133545,13.777999877929688,486341000,NVDA,-0.02436020514292847,-0.01690580103527095,False,-0.01690580103527095,False
2022-11-01,13.527512550354004,13.543000221252441,13.925000190734863,13.519000053405762,13.810999870300293,432817000,NVDA,0.0034082118948575157,0.007509442503642161,False,0.007509442503642161,False
2022-11-02,13.203882217407227,13.218999862670898,14.210000038146973,13.211000442504883,13.850000381469727,672628000,NVDA,-0.02392386122297907,0.0010781236343637701,False,0.0010781236343637701,False
2022-11-03,13.405651092529297,13.420999526977539,13.781000137329102,12.956000328063965,13.043000221252441,500065000,NVDA,0.015281026579900159,0.02586701889532983,False,0.02586701889532983,False
2022-11-04,14.139811515808105,14.156000137329102,14.229000091552734,13.696999549865723,13.986000061035156,612576000,NVDA,0.05476499561352455,0.04114627094345402,False,0.04114627094345402,False
2022-11-07,14.28464412689209,14.300999641418457,14.411999702453613,13.954000473022461,14.227999687194824,410061000,NVDA,0.010242895453172363,0.0006289135326125184,False,0.0006289135326125184,False
2022-11-08,14.58530044555664,14.60200023651123,14.890999794006348,14.215999603271484,14.800999641418457,595292000,NVDA,0.021047518999688597,0.015449626197225896,False,0.015449626197225896,False
2022-11-09,13.760244369506836,13.776000022888184,14.211000442504883,13.758999824523926,14.161999702453613,454414000,NVDA,-0.05656764350721033,-0.03578975655242056,False,-0.03578975655242056,False
2022-11-11,16.308330535888672,16.32699966430664,16.388999938964844,15.482000350952148,15.807000160217285,655487000,NVDA,0.036635202216173335,0.027394455428025433,False,0.027394455428025433,False
2022-11-14,16.276365280151367,16.295000076293945,16.540000915527344,15.92199993133545,16.218000411987305,527852000,NVDA,-0.001960056896502138,0.006975720152298859,False,0.006975720152298859,False
2022-11-15,16.64693832397461,16.666000366210938,16.99799919128418,16.381999969482422,16.722000122070312,545876000,NVDA,0.022767555129470374,0.01405443857915123,False,0.01405443857915123,False
2022-11-16,15.891804695129395,15.90999984741211,16.36199951171875,15.873000144958496,16.16200065612793,649547000,NVDA,-0.0453617124151704,-0.037109665917180124,False,-0.03583109060278436,False
2022-11-17,15.659070014953613,15.677000045776367,16.266000747680664,15.53499984741211,15.71500015258789,710894000,NVDA,-0.01464494968574026,-0.011555626850208833,False,-0.011555626850208833,False
2022-11-18,15.391377449035645,15.409000396728516,16.00200080871582,15.119999885559082,15.965999603271484,492072000,NVDA,-0.017095048790403022,-0.021853630699217752,False,-0.021853630699217752,False
2022-11-21,15.299482345581055,15.317000389099121,15.47700023651123,15.079999923706055,15.147000312805176,404739000,NVDA,-0.005970557460427184,-0.0020868687620974047,False,-0.0020868687620974047,False
2022-11-22,16.0196590423584,16.038000106811523,16.058000564575195,15.121999740600586,15.32800006866455,472866000,NVDA,0.04707196495346477,0.03349197702593876,False,0.03349197702593876,False
2022-11-23,16.500110626220703,16.518999099731445,16.527000427246094,16.04800033569336,16.097999572753906,427241000,NVDA,0.029991373885793537,0.024076684737945886,False,0.024076684737945886,False
2022-11-25,16.251394271850586,16.270000457763672,16.48699951171875,16.172000885009766,16.31800079345703,167934000,NVDA,-0.015073617383805638,-0.014790573186172273,False,-0.014790573186172273,False
2022-11-28,15.80889892578125,15.82699966430664,16.35700035095215,15.725000381469727,16.025999069213867,303741000,NVDA,-0.027228146623443417,-0.01178395371032015,False,-0.01178395371032015,False
2022-11-29,15.621113777160645,15.638999938964844,15.932000160217285,15.520000457763672,15.82699966430664,298384000,NVDA,-0.01187844577299213,-0.010286580435216242,False,-0.010286580435216242,False
2022-11-30,16.907968521118164,16.92300033569336,16.93000030517578,15.597000122070312,15.696999549865723,565298000,NVDA,0.08237919282292205,0.051431320425533,False,0.04395068165593279,False
2022-12-01,17.119781494140625,17.135000228881836,17.264999389648438,16.635000228881836,16.999000549316406,470977000,NVDA,0.012527405214760368,0.013395038432810202,False,0.013395038432810202,False
2022-12-02,16.861013412475586,16.875999450683594,16.933000564575195,16.44499969482422,16.659000396728516,371389000,NVDA,-0.01511515095876692,-0.013920490470701319,False,-0.013920490470701319,False
2022-12-05,16.595247268676758,16.610000610351562,16.9950008392334,16.472000122070312,16.679000854492188,352255000,NVDA,-0.015762169052198627,0.0021320432313661764,False,0.0021320432313661764,False
2022-12-06,15.972801208496094,15.987000465393066,16.572999954223633,15.819000244140625,16.530000686645508,352694000,NVDA,-0.03750748934940673,-0.02310829436800066,False,-0.02310829436800066,False
2022-12-07,16.105682373046875,16.1200008392334,16.18600082397461,15.666999816894531,15.772000312805176,372388000,NVDA,0.008319214821261411,0.010181585705810514,False,0.010181585705810514,False
2022-12-08,17.15375518798828,17.16900062561035,17.179000854492188,15.958999633789062,16.273000717163086,515456000,NVDA,0.06507472273856418,0.05755294078106021,False,0.04395068165593279,False
2022-12-09,16.985898971557617,17.000999450683594,17.58300018310547,16.975000381469727,17.15999984741211,465338000,NVDA,-0.009785391862663584,-0.002435813614759086,False,-0.002435813614759086,False
2022-12-12,17.519428253173828,17.53499984741211,17.538000106811523,16.797000885009766,17.03700065612793,457328000,NVDA,0.031410129220101224,0.01713083300199192,False,0.01713083300199192,False
2022-12-13,18.055950164794922,18.07200050354004,18.790000915527344,17.711000442504883,18.5310001373291,656589000,NVDA,0.03062439617707824,0.02333473173828482,False,0.02333473173828482,False
2022-12-14,17.658302307128906,17.673999786376953,18.25200080871582,17.420000076293945,17.98699951171875,496888000,NVDA,-0.02202309233447819,-0.015970367700377852,False,-0.015970367700377852,False
2022-12-15,16.93694305419922,16.95199966430664,17.31999969482422,16.700000762939453,17.145999908447266,478542000,NVDA,-0.040850996906903414,-0.015929321883189407,False,-0.015929321883189407,False
2022-12-16,16.556283950805664,16.570999145507812,17.041000366210938,16.40999984741211,16.86400032043457,478232000,NVDA,-0.022475077242417485,-0.01133732646833674,False,-0.01133732646833674,False
2022-12-19,16.23956298828125,16.253999710083008,16.608999252319336,16.145000457763672,16.57200050354004,354039000,NVDA,-0.019129954732928,-0.010122438731075656,False,-0.010122438731075656,False
2022-12-20,16.070714950561523,16.084999084472656,16.309999465942383,15.85200023651123,16.06399917602539,403260000,NVDA,-0.010397326445395705,-0.011434664806930672,False,-0.011434664806930672,False
2022-12-21,16.486343383789062,16.500999450683594,16.62700080871582,16.101999282836914,16.11400032043457,325025000,NVDA,0.025862473107521433,0.010994479304786697,False,0.010994479304786697,False
2022-12-22,15.32537841796875,15.33899974822998,16.13800048828125,14.881999969482422,16.0939998626709,565045000,NVDA,-0.07041979769521745,-0.055968098126601085,False,-0.03583109060278436,False
2022-12-23,15.19249439239502,15.206000328063965,15.33899974822998,14.883000373840332,15.196000099182129,349326000,NVDA,-0.008670847919678537,-0.014538950444960563,False,-0.014538950444960563,False
2022-12-28,14.023534774780273,14.03600025177002,14.26200008392334,13.883999824523926,13.927000045776367,351066000,NVDA,-0.006019416793206278,0.006001221529409073,False,0.006001221529409073,False
2022-12-29,14.590030670166016,14.602999687194824,14.682999610900879,14.22700023651123,14.402000427246094,354923000,NVDA,0.04039608447397436,0.022934752829155247,False,0.022934752829155247,False
2022-12-30,14.601020812988281,14.61400032043457,14.628999710083008,14.232999801635742,14.333999633789062,310490000,NVDA,0.0007532638601466246,0.003294006342491218,False,0.003294006342491218,False
2023-01-03,14.302286148071289,14.3149995803833,14.996000289916992,14.095999717712402,14.85099983215332,401277000,NVDA,-0.020459847893049665,-0.016459299013801054,False,-0.016459299013801054,False
2023-01-04,14.73590087890625,14.74899959564209,14.852999687194824,14.241000175476074,14.567000389099121,431324000,NVDA,0.030317861518484257,0.022778890943439878,False,0.022778890943439878,False
2023-01-05,14.252330780029297,14.265000343322754,14.564000129699707,14.14799976348877,14.491000175476074,389168000,NVDA,-0.03281578118981254,-0.02117025231519043,False,-0.02117025231519043,False
2023-01-06,14.845803260803223,14.859000205993652,15.010000228881836,14.034000396728516,14.473999977111816,405044000,NVDA,0.04164038078638432,0.018799599756945673,False,0.018799599756945673,False
2023-01-09,15.614119529724121,15.628000259399414,16.055999755859375,15.140999794006348,15.284000396728516,504231000,NVDA,0.05175309516255355,0.05252072770781668,False,0.04395068165593279,False
2023-01-10,15.894872665405273,15.909000396728516,15.961999893188477,15.472000122070312,15.506999969482422,384101000,NVDA,0.017980721560808544,0.011002488401746557,False,0.011002488401746557,False
2023-01-11,15.986787796020508,16.000999450683594,16.027999877929688,15.562999725341797,15.84000015258789,353285000,NVDA,0.005782690591493944,-0.007066734023387644,False,-0.007066734023387644,False
2023-01-12,16.496334075927734,16.51099967956543,16.636999130249023,15.491999626159668,16.100000381469727,551409000,NVDA,0.031872961998911764,0.028457056132546565,False,0.028457056132546565,False
2023-01-13,16.883991241455078,16.89900016784668,16.922000885009766,16.165000915527344,16.277999877929688,447287000,NVDA,0.023499594742872665,0.019502736379338304,False,0.019502736379338304,False
2023-01-17,17.686279296875,17.70199966430664,17.72800064086914,16.89900016784668,16.89900016784668,511102000,NVDA,0.04751767777811167,0.04954816896711689,False,0.04395068165593279,False
2023-01-18,17.361570358276367,17.37700080871582,17.87299919128418,17.281999588012695,17.66699981689453,439624000,NVDA,-0.01835936960782958,-0.0027967711074184942,False,-0.0027967711074184942,False
2023-01-19,16.75010871887207,16.764999389648438,17.19700050354004,16.731000900268555,17.035999298095703,452932000,NVDA,-0.035219258787429264,-0.027580908491134926,False,-0.027580908491134926,False
2023-01-20,17.823156356811523,17.839000701904297,17.856000900268555,16.825000762939453,17.01099967956543,564967000,NVDA,0.06406212974190839,0.045143728695926866,False,0.04395068165593279,False
2023-01-24,19.247888565063477,19.264999389648438,19.4950008392334,18.81999969482422,18.82699966430664,496204000,NVDA,0.0037513470135737137,0.004462850139389407,False,0.004462850139389407,False
2023-01-25,19.30583953857422,19.322999954223633,19.3700008392334,18.579999923706055,18.913000106811523,449537000,NVDA,0.0030107704185240447,0.003192495477990387,False,0.003192495477990387,False
2023-01-26,19.784412384033203,19.802000045776367,20.166000366210938,19.277999877929688,19.701000213623047,489535000,NVDA,0.02478902015645401,0.013781166687272695,False,0.013781166687272695,False
2023-01-27,20.346914291381836,20.364999771118164,20.628000259399414,19.405000686645508,19.461999893188477,542142000,NVDA,0.02843157008810593,0.02593672911715683,False,0.02593672911715683,False
2023-01-30,19.144983291625977,19.16200065612793,20.139999389648438,19.149999618530273,19.950000762939453,488611000,NVDA,-0.059071905574642924,-0.046103164589959555,False,-0.03583109060278436,False
2023-01-31,19.519651412963867,19.53700065612793,19.687000274658203,18.950000762939453,19.170000076293945,498017000,NVDA,0.019570041698692364,0.00492757141318223,False,0.00492757141318223,False
2023-02-02,21.689720153808594,21.708999633789062,21.948999404907227,20.700000762939453,21.0,564276000,NVDA,0.03657528330289095,0.021875910058581027,False,0.021875910058581027,False
2023-02-03,21.081260681152344,21.100000381469727,21.7450008392334,20.788999557495117,21.0,429366000,NVDA,-0.02805289641090214,-0.017698285719591644,False,-0.017698285719591644,False
2023-02-06,21.070270538330078,21.089000701904297,21.56999969482422,20.785999298095703,20.805999755859375,452197000,NVDA,-0.0005213228463177844,0.00561914017143661,False,0.00561914017143661,False
2023-02-07,22.15330696105957,22.17300033569336,22.259000778198242,21.149999618530273,21.381999969482422,664150000,NVDA,0.05140116358540725,0.03852865298738073,False,0.03852865298738073,False
2023-02-08,22.185277938842773,22.204999923706055,22.878000259399414,22.007999420166016,22.386999130249023,559651000,NVDA,0.0014431695384982124,0.012523894014662917,False,0.012523894014662917,False
2023-02-09,22.31716537475586,22.336999893188477,23.020000457763672,22.1200008392334,22.606000900268555,523876000,NVDA,0.005944817832647997,0.014774614010383158,False,0.014774614010383158,False
2023-02-10,21.246112823486328,21.264999389648438,22.077999114990234,20.81100082397461,21.690000534057617,550737000,NVDA,-0.04799232040826551,-0.0501875821839608,False,-0.03583109060278436,False
2023-02-13,21.768648147583008,21.788000106811523,22.04800033569336,20.961999893188477,21.538000106811523,474919000,NVDA,0.024594396557992892,0.013145787215226745,False,0.013145787215226745,False
2023-02-14,22.950597763061523,22.97100067138672,23.048999786376953,21.365999221801758,21.577999114990234,675474000,NVDA,0.054295958456646254,0.054576372988633715,False,0.04395068165593279,False
2023-02-15,22.74378204345703,22.763999938964844,22.854999542236328,22.106000900268555,22.548999786376953,420575000,NVDA,-0.009011343483931289,-0.011784519174427355,False,-0.011784519174427355,False
2023-02-16,21.98246192932129,22.00200080871582,22.549999237060547,21.927000045776367,22.132999420166016,412026000,NVDA,-0.03347376934412538,-0.019685027854994708,False,-0.019685027854994708,False
2023-02-17,21.369007110595703,21.38800048828125,21.739999771118164,20.975000381469727,21.631000518798828,465888000,NVDA,-0.027906556631281165,-0.025139150805953414,False,-0.025139150805953414,False
2023-02-21,20.636653900146484,20.655000686645508,21.493999481201172,20.618000030517578,21.0,410015000,NVDA,-0.03427174723930371,-0.014230512983976373,False,-0.014230512983976373,False
2023-02-22,20.735570907592773,20.753999710083008,21.104000091552734,20.42099952697754,20.707000732421875,513184000,NVDA,0.004793267742188911,0.0063668238880757455,False,0.0063668238880757455,False
2023-02-24,23.265317916870117,23.285999298095703,23.474000930786133,22.94700050354004,23.225000381469727,589716000,NVDA,-0.01597372257050067,-0.005436171084942543,False,-0.005436171084942543,False
2023-02-27,23.480127334594727,23.500999450683594,23.8799991607666,23.45400047302246,23.670000076293945,452994000,NVDA,0.009233031695167426,0.006160027128000456,False,0.006160027128000456,False
2023-02-28,23.195383071899414,23.215999603271484,23.825000762939453,23.20599937438965,23.371999740600586,455963000,NVDA,-0.012127032304283136,-0.009091030476097606,False,-0.009091030476097606,False
2023-03-01,22.67784309387207,22.697999954223633,23.256000518798828,22.507999420166016,23.191999435424805,460026000,NVDA,-0.022312197924177823,-0.01758693307849779,False,-0.01758693307849779,False
2023-03-02,23.293291091918945,23.31399917602539,23.3799991607666,22.43199920654297,22.488000869750977,389415000,NVDA,0.02713873605612771,0.01955654196933332,False,0.01955654196933332,False
2023-03-03,23.868783950805664,23.889999389648438,23.899999618530273,23.1299991607666,23.31999969482422,412393000,NVDA,0.024706378184848887,0.008558641024100089,False,0.008558641024100089,False
2023-03-06,23.5330810546875,23.554000854492188,24.24799919128418,23.48699951171875,23.891000747680664,437429000,NVDA,-0.014064516098099444,-0.014751682867928606,False,-0.014751682867928606,False
2023-03-07,23.271270751953125,23.288000106811523,24.125,23.240999221801758,23.600000381469727,515154000,NVDA,-0.011125202948392698,0.00420171616694498,False,0.00420171616694498,False
2023-03-08,24.16362762451172,24.180999755859375,24.200000762939453,23.423999786376953,23.48699951171875,513573000,NVDA,0.03834585923863654,0.0369310652249526,False,0.0369310652249526,False
2023-03-09,23.419164657592773,23.43600082397461,24.45400047302246,23.382999420166016,24.174999237060547,501257000,NVDA,-0.030809238516974924,-0.012349880643126254,False,-0.012349880643126254,False
2023-03-10,22.948503494262695,22.96500015258789,23.62700080871582,22.72599983215332,23.409000396728516,474866000,NVDA,-0.020097265218957494,-0.005619126761906124,False,-0.005619126761906124,False
2023-03-13,22.949501037597656,22.965999603271484,23.29800033569336,22.297000885009766,22.75200080871582,421890000,NVDA,4.3468774999277926e-05,0.001553229778188725,False,0.001553229778188725,False
2023-03-14,24.04570960998535,24.062999725341797,24.2189998626709,23.459999084472656,23.496000289916992,474910000,NVDA,0.04776611790346985,0.031289462422845915,False,0.031289462422845915,False
2023-03-15,24.21059226989746,24.22800064086914,24.285999298095703,23.360000610351562,23.76099967956543,524486000,NVDA,0.006857051115831458,0.013837934681269148,False,0.013837934681269148,False
2023-03-16,25.52264976501465,25.541000366210938,25.58799934387207,23.893999099731445,24.027000427246094,583253000,NVDA,0.05419353151259121,0.03663152529542457,False,0.03663152529542457,False
2023-03-17,25.70651626586914,25.725000381469727,26.39900016784668,25.667999267578125,25.98200035095215,848547000,NVDA,0.00720405218687481,0.018223509496942403,False,0.018223509496942403,False
2023-03-20,25.881391525268555,25.899999618530273,26.02400016784668,25.1299991607666,25.614999771118164,432747000,NVDA,0.006802759953576265,-0.002115643764733832,False,-0.002115643764733832,False
2023-03-21,26.180179595947266,26.198999404907227,26.392000198364258,25.381000518798828,26.18000030517578,547408000,NVDA,0.011544513376995136,-0.0014376805207898524,False,-0.0014376805207898524,False
2023-03-22,26.448984146118164,26.468000411987305,27.589000701904297,26.23699951171875,26.424999237060547,797295000,NVDA,0.010267483047079917,0.02673070682279355,False,0.02673070682279355,False
2023-03-23,27.171464920043945,27.19099998474121,27.499000549316406,26.690000534057617,27.114999771118164,564889000,NVDA,0.027316012211827,0.0243314834784516,False,0.0243314834784516,False
2023-03-24,26.759761810302734,26.77899932861328,27.16699981689453,26.354999542236328,27.0310001373291,454920000,NVDA,-0.015152039499994108,-0.02079184675309864,False,-0.02079184675309864,False
2023-03-27,26.511940002441406,26.5310001373291,27.0,26.364999771118164,26.836999893188477,361026000,NVDA,-0.009260987060277781,-0.01090794136602602,False,-0.01090794136602602,False
2023-03-28,26.39102554321289,26.40999984741211,26.51300048828125,25.850000381469727,26.44700050354004,356104000,NVDA,-0.004560754860541416,-0.0029869113648252066,False,-0.0029869113648252066,False
2023-03-29,26.96461296081543,26.983999252319336,27.077999114990234,26.597000122070312,26.825000762939453,393694000,NVDA,0.021734184473556795,0.0074969155937203436,False,0.0074969155937203436,False
2023-03-30,27.363327026367188,27.382999420166016,27.499000549316406,27.101999282836914,27.229000091552734,364516000,NVDA,0.01478656734777406,0.009071297959106106,False,0.009071297959106106,False
2023-03-31,27.75704574584961,27.777000427246094,27.833999633789062,27.104999542236328,27.139999389648438,433933000,NVDA,0.014388554399946907,-4.798807181694009e-05,False,-4.798807181694009e-05,False
2023-04-03,27.944908142089844,27.96500015258789,28.0,27.336000442504883,27.509000778198242,398716000,NVDA,0.00676809765564923,0.0030692511791068355,False,0.0030692511791068355,False
2023-04-04,27.433279037475586,27.452999114990234,28.0,27.30699920654297,27.965999603271484,368592000,NVDA,-0.01830849119320077,-0.012511519109870806,False,-0.012511519109870806,False
2023-04-05,26.8616886138916,26.881000518798828,26.99799919128418,26.395000457763672,26.82900047302246,515015000,NVDA,-0.020835658136351687,-0.018343287605123493,False,-0.018343287605123493,False
2023-04-06,27.017576217651367,27.03700065612793,27.079999923706055,26.427000045776367,26.583999633789062,397654000,NVDA,0.00580334341598876,0.002224180321561464,False,0.002224180321561464,False
2023-04-10,27.559186935424805,27.57900047302246,27.621000289916992,26.66900062561035,26.822999954223633,395279000,NVDA,0.020046606453897553,0.01905030345645997,False,0.01905030345645997,False
2023-04-11,27.14948272705078,27.16900062561035,27.790000915527344,27.125999450683594,27.724000930786133,314378000,NVDA,-0.01486633873974652,-0.014824986261800288,False,-0.014824986261800288,False
2023-04-12,26.475967407226562,26.4950008392334,27.468000411987305,26.447999954223633,27.3700008392334,446259000,NVDA,-0.024807666746193724,-0.02067278269418682,False,-0.02067278269418682,False
2023-04-13,26.443984985351562,26.46299934387207,26.886999130249023,26.32900047302246,26.733999252319336,353615000,NVDA,-0.001207979349085897,-0.014470669342724007,False,-0.014470669342724007,False
2023-04-14,26.7387752532959,26.757999420166016,26.882999420166016,26.219999313354492,26.503999710083008,395660000,NVDA,0.011147724826936267,0.013217098299739938,False,0.013217098299739938,False
2023-04-17,26.982603073120117,27.00200080871582,27.006000518798828,26.433000564575195,26.565000534057617,321471000,NVDA,0.009118885121492726,0.005812728218527186,False,0.005812728218527186,False
2023-04-18,27.647123336791992,27.66699981689453,28.110000610351562,27.35700035095215,27.533000946044922,604812000,NVDA,0.024627730018156324,0.02377250972218259,False,0.02377250972218259,False
2023-04-19,27.910932540893555,27.930999755859375,28.0,27.23200035095215,27.361000061035156,358660000,NVDA,0.009542012776081243,0.009626274773779309,False,0.009626274773779309,False
2023-04-20,27.084529876708984,27.104000091552734,28.030000686645508,27.0,27.67099952697754,427713000,NVDA,-0.029608565137469678,-0.02365601698449671,False,-0.02365601698449671,False
2023-04-21,27.099515914916992,27.118999481201172,27.183000564575195,26.722000122070312,26.95199966430664,345103000,NVDA,0.0005533061964237973,-0.0003498826905339314,False,-0.0003498826905339314,False
2023-04-24,27.022573471069336,27.04199981689453,27.365999221801758,26.67099952697754,27.01300048828125,339282000,NVDA,-0.002839255287409137,-0.003690834453499492,False,-0.003690834453499492,False
2023-04-25,26.22214698791504,26.240999221801758,27.246999740600586,26.225000381469727,27.077999114990234,378527000,NVDA,-0.02962066081571546,-0.013809801932942234,False,-0.013809801932942234,False
2023-04-26,26.936635971069336,26.95599937438965,27.329999923706055,26.704999923706055,27.00200080871582,406337000,NVDA,0.027247539398035592,0.031088726595365435,False,0.031088726595365435,False
2023-04-27,27.20644187927246,27.22599983215332,27.4950008392334,26.625,27.363000869750977,377161000,NVDA,0.010016317868827507,-0.009549831853669533,False,-0.009549831853669533,False
2023-04-28,27.729066848754883,27.749000549316406,27.757999420166016,27.070999145507812,27.225000381469727,292216000,NVDA,0.019209603806390696,0.010956401052930165,False,0.010956401052930165,False
2023-05-01,28.889232635498047,28.90999984741211,29.058000564575195,27.780000686645508,27.84000015258789,570329000,NVDA,0.04183933751074864,0.04222544400095629,False,0.04222544400095629,False
2023-05-02,28.189729690551758,28.209999084472656,28.836000442504883,28.08300018310547,28.68000030517578,402730000,NVDA,-0.024213275367057197,-0.012627012430656892,False,-0.012627012430656892,False
2023-05-03,27.782028198242188,27.802000045776367,28.367000579833984,27.472000122070312,27.84000015258789,383387000,NVDA,-0.014462767000075871,-0.007464461935419386,False,-0.007464461935419386,False
2023-05-04,27.542200088500977,27.562000274658203,27.858999252319336,27.239999771118164,27.650999069213867,321850000,NVDA,-0.008632491048885527,-0.0014137587145031105,False,-0.0014137587145031105,False
2023-05-05,28.659395217895508,28.68000030517578,28.7549991607666,27.731000900268555,27.826000213623047,361494000,NVDA,0.040563031486397616,0.02208828009688224,False,0.02208828009688224,False
2023-05-08,29.13005256652832,29.150999069213867,29.219999313354492,28.350000381469727,28.52199935913086,344979000,NVDA,0.01642244524193326,0.01597031657768433,False,0.01597031657768433,False
2023-05-09,28.55046844482422,28.570999145507812,28.972999572753906,28.450000762939453,28.89900016784668,314869000,NVDA,-0.019896432400196562,-0.01531701112293804,False,-0.01531701112293804,False
2023-05-10,28.86425018310547,28.885000228881836,29.113000869750977,28.461000442504883,29.0049991607666,369350000,NVDA,0.010990423463196564,0.006506458199791565,False,0.006506458199791565,False
2023-05-11,28.55746841430664,28.577999114990234,28.950000762939453,28.246000289916992,28.895999908447266,322149000,NVDA,-0.010628433680165084,-0.008931809686949177,False,-0.008931809686949177,False
2023-05-12,28.319639205932617,28.34000015258789,28.780000686645508,28.04599952697754,28.52899932861328,274222000,NVDA,-0.008328091444368968,-0.006744784609812315,False,-0.006744784609812315,False
2023-05-15,28.932199478149414,28.952999114990234,28.9689998626709,28.152000427246094,28.507999420166016,293926000,NVDA,0.021630228682026242,0.01867206424289236,False,0.01867206424289236,False
2023-05-16,29.192012786865234,29.21299934387207,29.8700008392334,28.832000732421875,28.840999603271484,449405000,NVDA,0.008980074567508822,0.015357757940661854,False,0.015357757940661854,False
2023-05-17,30.15631866455078,30.17799949645996,30.198999404907227,29.43000030517578,29.583999633789062,432535000,NVDA,0.033033209622305604,0.02114238056351736,False,0.02114238056351736,False
2023-05-18,31.65523910522461,31.67799949645996,31.827999114990234,30.31999969482422,30.40999984741211,748725000,NVDA,0.04970502060769877,0.040259971958272134,False,0.040259971958272134,False
2023-05-19,31.241539001464844,31.263999938964844,31.579999923706055,30.916000366210938,31.535999298095703,473908000,NVDA,-0.01306892999242848,-0.011623062386957872,False,-0.011623062386957872,False
2023-05-22,31.153600692749023,31.176000595092773,31.520000457763672,30.68000030517578,30.900999069213867,372000000,NVDA,-0.0028147879882517435,-0.002969822684690704,False,-0.002969822684690704,False
2023-05-23,30.665950775146484,30.687999725341797,31.288000106811523,30.631000518798828,31.0,356253000,NVDA,-0.015653083648723753,-0.0044310569011736245,False,-0.0044310569011736245,False
2023-05-24,30.51605987548828,30.538000106811523,30.60700035095215,29.805999755859375,30.209999084472656,721419000,NVDA,-0.004887860831619295,0.0024307395037340696,False,0.0024307395037340696,False
2023-05-26,38.91802215576172,38.94599914550781,39.16999816894531,37.54999923706055,37.88999938964844,714397000,NVDA,0.025434419695415045,0.012385332917417724,False,0.012385332917417724,False
2023-05-30,40.082183837890625,40.111000061035156,41.9379997253418,39.94900131225586,40.595001220703125,923401000,NVDA,0.029913176920183027,0.02989657365168452,False,0.02989657365168452,False
2023-05-31,37.80681610107422,37.83399963378906,40.29499816894531,37.821998596191406,39.487998962402344,1002580000,NVDA,-0.056767559023703895,-0.05065893481386996,False,-0.03583109060278436,False
2023-06-01,39.74142837524414,39.77000045776367,40.04999923706055,38.34000015258789,38.48899841308594,635873000,NVDA,0.05117099173328565,0.04131653817025294,False,0.04131653817025294,False
2023-06-02,39.298744201660156,39.32699966430664,40.5,39.05799865722656,40.09700012207031,482731000,NVDA,-0.01113911078897567,-0.025673535494941224,False,-0.025673535494941224,False
2023-06-05,39.142852783203125,39.17100143432617,39.564998626708984,38.707000732421875,38.909000396728516,396094000,NVDA,-0.00396682951641103,-0.0019632478804932907,False,-0.0019632478804932907,False
2023-06-06,38.62623596191406,38.65399932861328,39.15999984741211,38.14799880981445,38.83000183105469,388729000,NVDA,-0.013198241429933533,-0.015552137737847693,False,-0.015552137737847693,False
2023-06-07,37.45195007324219,37.474998474121094,39.499000549316406,37.35599899291992,38.915000915527344,511998000,NVDA,-0.030401250844885208,-0.02658924114502792,False,-0.02658924114502792,False
2023-06-08,38.48631286621094,38.5099983215332,38.86399841308594,37.505001068115234,37.7239990234375,417772000,NVDA,0.027618396130132616,0.02142975351589116,False,0.02142975351589116,False
2023-06-09,38.74615478515625,38.77000045776367,39.71099853515625,38.56700134277344,39.0369987487793,427717000,NVDA,0.006751540991952076,0.005603481452510994,False,0.005603481452510994,False
2023-06-12,39.45771789550781,39.481998443603516,39.529998779296875,38.61800003051758,39.20000076293945,388701000,NVDA,0.0183647413349044,0.009043592524667243,False,0.009043592524667243,False
2023-06-13,40.99676513671875,41.02199935913086,41.10100173950195,39.7400016784668,40.18600082397461,613208000,NVDA,0.03900497350826648,0.03207248355679271,False,0.03207248355679271,False
2023-06-14,42.970558166503906,42.99700164794922,43.0,40.551998138427734,40.82400131225586,740465000,NVDA,0.04814509201403627,0.0473256664881041,False,0.04395068165593279,False
2023-06-15,42.62677001953125,42.65299987792969,43.28900146484375,42.14699935913086,42.60200119018555,568622000,NVDA,-0.008000551113172216,-0.020178688533518896,False,-0.020178688533518896,False
2023-06-16,42.665740966796875,42.69200134277344,43.72100067138672,42.6609992980957,43.45000076293945,655709000,NVDA,0.0009142364586331997,0.004585855987059517,False,0.004585855987059517,False
2023-06-20,43.78105163574219,43.80799865722656,43.9900016784668,42.67399978637695,42.99800109863281,451153000,NVDA,0.026140660953556827,0.03087576865117969,False,0.03087576865117969,False
2023-06-21,43.018531799316406,43.04499816894531,43.6150016784668,42.08000183105469,43.500999450683594,551603000,NVDA,-0.01741666332663583,-0.012171381743632192,False,-0.012171381743632192,False
2023-06-22,42.998538970947266,43.025001525878906,43.42599868774414,42.23400115966797,42.25299835205078,417737000,NVDA,-0.00046474920302741474,-0.004175547617465858,False,-0.004175547617465858,False
2023-06-23,42.18304443359375,42.20899963378906,42.808998107910156,42.01499938964844,42.4640007019043,358140000,NVDA,-0.018965633644076108,-0.011306824877391541,False,-0.011306824877391541,False
2023-06-26,40.60700988769531,40.63199996948242,42.763999938964844,40.099998474121094,42.46099853515625,594322000,NVDA,-0.03736180181066573,-0.03287496351740926,False,-0.03287496351740926,False
2023-06-27,41.85024642944336,41.875999450683594,41.939998626708984,40.448001861572266,40.79899978637695,462175000,NVDA,0.03061630356892575,0.019160448614232717,False,0.019160448614232717,False
2023-06-28,41.09170913696289,41.117000579833984,41.845001220703125,40.518001556396484,40.65999984741211,582639000,NVDA,-0.018125037656810727,-0.017770960968372385,False,-0.017770960968372385,False
2023-06-29,40.79689407348633,40.821998596191406,41.599998474121094,40.599998474121094,41.55799865722656,380514000,NVDA,-0.00717456318241505,-0.011648107855220968,False,-0.011648107855220968,False
2023-06-30,42.27598571777344,42.301998138427734,42.54999923706055,41.500999450683594,41.68000030517578,501148000,NVDA,0.03625500611940846,0.023986001623694353,False,0.023986001623694353,False
2023-07-03,42.38690948486328,42.41299819946289,42.89799880981445,42.20199966430664,42.516998291015625,198209000,NVDA,0.0026238008459542606,0.0014531230443532994,False,0.0014531230443532994,False
2023-07-05,42.29097366333008,42.31700134277344,43.176998138427734,42.084999084472656,42.1349983215332,323618000,NVDA,-0.002263336079443623,-0.0002950176662144255,False,-0.0002950176662144255,False
2023-07-06,42.07710647583008,42.10300064086914,42.17900085449219,41.34600067138672,41.84400177001953,303582000,NVDA,-0.005057040994197792,0.0028654703423031114,False,0.0028654703423031114,False
2023-07-07,42.47685241699219,42.50299835205078,43.2140007019043,42.18000030517578,42.321998596191406,355881000,NVDA,0.009500319167424998,0.012365419706045322,False,0.012365419706045322,False
2023-07-10,42.154056549072266,42.18000030517578,42.81100082397461,41.64899826049805,42.65700149536133,353908000,NVDA,-0.007599335863002654,-0.010004361920133986,False,-0.010004361920133986,False
2023-07-11,42.3789176940918,42.404998779296875,42.757999420166016,42.06700134277344,42.48099899291992,298244000,NVDA,0.005334270611839331,-0.0014079404440492382,False,-0.0014079404440492382,False
2023-07-12,43.874996185302734,43.902000427246094,43.935001373291016,42.777000427246094,43.03300094604492,481277000,NVDA,0.035302423294767404,0.02789118980945493,False,0.02789118980945493,False
2023-07-13,45.94872283935547,45.97700119018555,46.154998779296875,44.492000579833984,44.518001556396484,478204000,NVDA,0.04726442927298513,0.03879427581491601,False,0.03879427581491601,False
2023-07-14,45.441036224365234,45.46900177001953,48.0880012512207,45.060001373291016,46.58300018310547,772075000,NVDA,-0.011048982074326474,-0.010024574941022935,False,-0.010024574941022935,False
2023-07-17,46.43242263793945,46.46099853515625,46.49599838256836,45.262001037597656,46.28900146484375,510488000,NVDA,0.021816985173472858,0.017961602658923326,False,0.017961602658923326,False
2023-07-18,47.464786529541016,47.49399948120117,47.895999908447266,45.73400115966797,46.70100021362305,569164000,NVDA,0.02223368570818507,0.015116410502342692,False,0.015116410502342692,False
2023-07-19,47.04804992675781,47.07699966430664,47.81800079345703,46.742000579833984,47.4640007019043,427502000,NVDA,-0.008779911029913379,-0.01113782136564545,False,-0.01113782136564545,False
2023-07-20,45.49200439453125,45.52000045776367,47.08700180053711,45.0620002746582,46.50699996948242,537865000,NVDA,-0.03307353938471291,-0.026316643165809173,False,-0.026316643165809173,False
2023-07-21,44.28174591064453,44.308998107910156,45.86600112915039,44.099998474121094,45.78799819946289,963769000,NVDA,-0.02660376257310415,-0.026927857095002228,False,-0.026927857095002228,False
2023-07-24,44.58456039428711,44.61199951171875,45.10900115966797,44.040000915527344,44.73099899291992,382516000,NVDA,0.0068383591797311905,0.0028042053025776337,False,0.0028042053025776337,False
2023-07-25,45.65090560913086,45.67900085449219,46.18299865722656,44.92300033569336,44.941001892089844,348081000,NVDA,0.02391736523615884,0.021102691884602676,False,0.021102691884602676,False
2023-07-26,45.42404556274414,45.45199966430664,46.053001403808594,44.630001068115234,46.020999908447266,364237000,NVDA,-0.0049694533626369886,-0.004814014465838401,False,-0.004814014465838401,False
2023-07-27,45.87177276611328,45.900001525878906,47.39500045776367,45.75,46.51900100708008,455976000,NVDA,0.009856612237470141,0.016281278301958024,False,0.016281278301958024,False
2023-07-28,46.721248626708984,46.75,47.027000427246094,46.38100051879883,46.667999267578125,331194000,NVDA,0.018518487718513388,0.008640644923761043,False,0.008640644923761043,False
2023-07-31,46.700260162353516,46.729000091552734,47.130001068115234,46.50600051879883,46.75400161743164,251055000,NVDA,-0.00044922738523456296,-0.0019179403257538752,False,-0.0019179403257538752,False
2023-08-01,46.478397369384766,46.50699996948242,46.900001525878906,46.027000427246094,46.459999084472656,237858000,NVDA,-0.004750782805008846,-0.0020856951657931555,False,-0.0020856951657931555,False
2023-08-02,44.24177551269531,44.26900100708008,45.84000015258789,43.387001037597656,45.83100128173828,530142000,NVDA,-0.04812175081928949,-0.034282209482941584,False,-0.034282209482941584,False
2023-08-03,44.48762130737305,44.51499938964844,45.11800003051758,43.79999923706055,43.79999923706055,324176000,NVDA,0.0055568699906085595,0.00810484383103538,False,0.00810484383103538,False
2023-08-04,44.65251541137695,44.68000030517578,45.641998291015625,44.393001556396484,44.98500061035156,362666000,NVDA,0.003706516535568971,0.009006590690619487,False,0.009006590690619487,False
2023-08-07,45.389068603515625,45.41699981689453,45.540000915527344,44.5629997253418,45.111000061035156,322154000,NVDA,0.016495222841376833,0.007471130062014053,False,0.007471130062014053,False
2023-08-08,44.636539459228516,44.66400146484375,45.242000579833984,44.055999755859375,44.85300064086914,353843000,NVDA,-0.01657952382457173,-0.012361240779778626,False,-0.012361240779778626,False
2023-08-09,42.527828216552734,42.55400085449219,44.3120002746582,42.13399887084961,44.27399826049805,586449000,NVDA,-0.04724181731430821,-0.04020308693371111,False,-0.03583109060278436,False
2023-08-10,42.3619384765625,42.38800048828125,43.57400131225586,41.834999084472656,42.15999984741211,492705000,NVDA,-0.0039007338711377626,-0.004151447815707532,False,-0.004151447815707532,False
2023-08-11,40.82986831665039,40.85499954223633,42.018001556396484,40.638999938964844,41.750999450683594,533085000,NVDA,-0.0361661957646191,-0.035096503394596024,False,-0.035096503394596024,False
2023-08-15,43.91297149658203,43.939998626708984,45.268001556396484,43.709999084472656,44.560001373291016,676512000,NVDA,0.004273924818704922,0.01582483424754666,False,0.01582483424754666,False
2023-08-16,43.45925521850586,43.486000061035156,44.67499923706055,43.40599822998047,44.52000045776367,527451000,NVDA,-0.010332169803436986,-0.002776774592859299,False,-0.002776774592859299,False
2023-08-17,43.31733703613281,43.34400177001953,44.0620002746582,43.000999450683594,43.970001220703125,452395000,NVDA,-0.003265545662471836,0.004447367366565147,False,0.004447367366565147,False
2023-08-18,43.272369384765625,43.29899978637695,43.577999114990234,41.65999984741211,42.6349983215332,583768000,NVDA,-0.0010380982406577033,-0.000889391414656826,False,-0.000889391414656826,False
2023-08-22,45.6399040222168,45.667999267578125,48.1870002746582,45.33300018310547,48.1349983215332,755293000,NVDA,-0.02765791014621022,-0.024880443417380604,False,-0.024880443417380604,False
2023-08-23,47.0870246887207,47.11600112915039,47.20000076293945,45.20800018310547,45.86600112915039,779046000,NVDA,0.03170735560266458,0.02066247563669199,False,0.02066247563669199,False
2023-08-24,47.13399124145508,47.16299819946289,50.26599884033203,47.159000396728516,50.215999603271484,1156044000,NVDA,0.0009974415042117712,0.014455416167357904,False,0.014455416167357904,False
2023-08-25,45.98969650268555,46.018001556396484,47.80500030517578,45.02399826049805,47.012001037597656,925341000,NVDA,-0.02427748443596911,-0.0309954504735942,False,-0.0309954504735942,False
2023-08-28,46.80619430541992,46.834999084472656,46.97999954223633,44.88800048828125,46.481998443603516,685192000,NVDA,0.01775392891941996,0.01148930916438351,False,0.01148930916438351,False
2023-08-29,48.75399398803711,48.784000396728516,49.08100128173828,46.39099884033203,46.66600036621094,701397000,NVDA,0.04161414341673231,0.027105836222186097,False,0.027105836222186097,False
2023-08-30,49.23370361328125,49.263999938964844,49.926998138427734,48.42499923706055,49.04399871826172,735206000,NVDA,0.009839391319649504,0.006006209216141478,False,0.006006209216141478,False
2023-08-31,49.324649810791016,49.35499954223633,49.74399948120117,48.95800018310547,49.380001068115234,528570000,NVDA,0.0018472345331590478,0.003444171045253297,False,0.003444171045253297,False
2023-09-01,48.47916793823242,48.50899887084961,49.79999923706055,48.141998291015625,49.762001037597656,463830000,NVDA,-0.017141163207480603,-0.018940292467481634,False,-0.018940292467481634,False
2023-09-05,48.51813888549805,48.54800033569336,48.85100173950195,47.86000061035156,48.222999572753906,382653000,NVDA,0.0008038699697832108,0.004998047557289276,False,0.004998047557289276,False
2023-09-06,47.035926818847656,47.06100082397461,48.54899978637695,46.58000183105469,48.441001892089844,468670000,NVDA,-0.030549648042938804,-0.023578048691485942,False,-0.023578048691485942,False
2023-09-07,46.216365814208984,46.24100112915039,46.34400177001953,45.152000427246094,45.525001525878906,433330000,NVDA,-0.017424149157198476,-0.01421288322101244,False,-0.01421288322101244,False
2023-09-08,45.547725677490234,45.571998596191406,46.60599899291992,45.270999908447266,45.94200134277344,473069000,NVDA,-0.014467605250631399,-0.015894227972272024,False,-0.015894227972272024,False
2023-09-11,45.15393829345703,45.178001403808594,46.16299819946289,44.3120002746582,46.14799880981445,473966000,NVDA,-0.008645599273638727,-0.015369052379913928,False,-0.015369052379913928,False
2023-09-12,44.84609603881836,44.869998931884766,45.67300033569336,44.53099822998047,44.737998962402344,349256000,NVDA,-0.006817616940475779,-0.0011217313356468583,False,-0.0011217313356468583,False
2023-09-13,45.46077346801758,45.48500061035156,45.93000030517578,44.50299835205078,44.599998474121094,398355000,NVDA,0.013706375437165352,0.01246474313170065,False,0.01246474313170065,False
2023-09-14,45.55672073364258,45.58100128173828,45.98699951171875,45.13100051879883,45.95000076293945,370097000,NVDA,0.0021105506639147453,-0.006319368203253184,False,-0.006319368203253184,False
2023-09-15,43.87661361694336,43.900001525878906,45.5989990234375,43.80799865722656,45.340999603271484,506831000,NVDA,-0.03687945685384897,-0.024719843915171125,False,-0.024719843915171125,False
2023-09-18,43.94257736206055,43.965999603271484,44.242000579833984,42.0,42.74800109863281,500271000,NVDA,0.0015033918910212218,0.0007821041938917972,False,0.0007821041938917972,False
2023-09-19,43.4968147277832,43.52000045776367,43.965999603271484,43.00199890136719,43.83300018310547,373064000,NVDA,-0.010144207760153123,-0.007993197144780306,False,-0.007993197144780306,False
2023-09-20,42.21649932861328,42.23899841308594,43.90299987792969,42.222999572753906,43.599998474121094,367108000,NVDA,-0.029434693257024414,-0.020039898498964814,False,-0.020039898498964814,False
2023-09-21,40.995147705078125,41.016998291015625,42.099998474121094,40.97999954223633,41.58300018310547,450736000,NVDA,-0.028930670305658324,-0.012529736202438913,False,-0.012529736202438913,False
2023-09-22,41.587833404541016,41.61000061035156,42.1150016784668,41.23099899291992,41.571998596191406,479236000,NVDA,0.014457459788331795,0.016753058265525755,False,0.016753058265525755,False
2023-09-25,42.19950866699219,42.22200012207031,42.5359992980957,41.176998138427734,41.590999603271484,419091000,NVDA,0.0147080338737815,0.010684968782839865,False,0.010684968782839865,False
2023-09-26,41.888671875,41.9109992980957,42.81999969482422,41.654998779296875,42.000999450683594,402282000,NVDA,-0.007365886518847509,0.007368647472020706,False,0.007368647472020706,False
2023-09-27,42.44537353515625,42.46799850463867,42.87200164794922,41.62900161743164,42.33000183105469,444935000,NVDA,0.013290028908472085,0.013060714847726862,False,0.013060714847726862,False
2023-09-28,43.0660514831543,43.0890007019043,43.44599914550781,42.1150016784668,42.459999084472656,424663000,NVDA,0.01462298234892323,0.008729808378406645,False,0.008729808378406645,False
2023-09-29,43.475830078125,43.499000549316406,44.14400100708008,43.30699920654297,43.82699966430664,397830000,NVDA,0.00951511877356559,0.012224700859707616,False,0.012224700859707616,False
2023-10-02,44.75814437866211,44.78200149536133,45.17499923706055,43.861000061035156,44.029998779296875,433298000,NVDA,0.029494877917979334,0.02941551036238854,False,0.02941551036238854,False
2023-10-03,43.493812561035156,43.516998291015625,45.130001068115234,43.24599838256836,44.80799865722656,470850000,NVDA,-0.028248083900227705,-0.0145040122259682,False,-0.0145040122259682,False
2023-10-04,44.017539978027344,44.04100036621094,44.143001556396484,43.29199981689453,43.742000579833984,361821000,NVDA,0.012041423507245685,0.003931668550084977,False,0.003931668550084977,False
2023-10-05,44.6641960144043,44.6879997253418,44.900001525878906,43.88800048828125,44.04999923706055,393483000,NVDA,0.014690871791102955,0.015994901950880158,False,0.015994901950880158,False
2023-10-06,45.73762130737305,45.762001037597656,45.78900146484375,44.0260009765625,44.19300079345703,434436000,NVDA,0.024033238897271714,0.012218345882627268,False,0.012218345882627268,False
2023-10-09,45.24888229370117,45.27299880981445,45.60499954223633,44.36800003051758,44.84199905395508,409675000,NVDA,-0.010685711230747574,-0.016989565530387885,False,-0.016989565530387885,False
2023-10-10,45.773597717285156,45.79800033569336,46.25899887084961,45.0880012512207,45.310001373291016,368582000,NVDA,0.011596207397525538,0.006388216616133313,False,0.006388216616133313,False
2023-10-11,46.78106689453125,46.805999755859375,46.85900115966797,46.04999923706055,46.19599914550781,378137000,NVDA,0.022009831594811402,0.017716823423777672,False,0.017716823423777672,False
2023-10-12,46.91999816894531,46.94499969482422,47.60900115966797,46.33000183105469,46.777000427246094,481325000,NVDA,0.0029698184252036075,0.009216252771322098,False,0.009216252771322098,False
2023-10-13,45.43678283691406,45.46099853515625,47.11600112915039,45.279998779296875,46.959999084472656,474115000,NVDA,-0.03161158120020857,-0.026592722311441053,False,-0.026592722311441053,False
2023-10-16,46.07044982910156,46.095001220703125,46.224998474121094,44.9119987487793,45.0629997253418,375099000,NVDA,0.01394612366068948,0.0033517542767596,False,0.0033517542767596,False
2023-10-17,43.91459274291992,43.9379997253418,44.75400161743164,42.47999954223633,44.0,812333000,NVDA,-0.04679479132890596,-0.046696546275823536,False,-0.03583109060278436,False
2023-10-18,42.17352294921875,42.19599914550781,43.21900177001953,41.82500076293945,42.590999603271484,627294000,NVDA,-0.03964672526723756,-0.026246904760721113,False,-0.026246904760721113,False
2023-10-19,42.078575134277344,42.10100173950195,43.297000885009766,41.88199996948242,42.81100082397461,501233000,NVDA,-0.002251360766226118,0.00623148743009494,False,0.00623148743009494,False
2023-10-20,41.36495590209961,41.387001037597656,42.470001220703125,41.077999114990234,41.88999938964844,477266000,NVDA,-0.016959206196989762,-0.0043739224779622,False,-0.0043739224779622,False
2023-10-23,42.952110290527344,42.974998474121094,43.24800109863281,40.94499969482422,41.229000091552734,478530000,NVDA,0.03836954141046656,0.04005511130463002,False,0.04005511130463002,False
2023-10-24,43.639739990234375,43.66299819946289,43.696998596191406,42.691001892089844,43.07699966430664,401463000,NVDA,0.016009218058342656,0.008743425835615382,False,0.008743425835615382,False
2023-10-25,41.756744384765625,41.77899932861328,43.650001525878906,41.55500030517578,43.39799880981445,398379000,NVDA,-0.043148644008651815,-0.028809015380939273,False,-0.028809015380939273,False
2023-10-26,40.30451965332031,40.32600021362305,42.25600051879883,39.880001068115234,41.85300064086914,541001000,NVDA,-0.03477820775642504,-0.02294568797831542,False,-0.02294568797831542,False
2023-10-27,40.47842788696289,40.5,41.20600128173828,40.01499938964844,41.130001068115234,416784000,NVDA,0.0043148568730864145,0.009115137102854942,False,0.009115137102854942,False
2023-10-30,41.13907241821289,41.1609992980957,41.76599884033203,40.48099899291992,41.08700180053711,388028000,NVDA,0.01632090389218832,0.004310881566328417,False,0.004310881566328417,False
2023-10-31,40.758277893066406,40.779998779296875,40.87900161743164,39.22999954223633,40.45000076293945,517969000,NVDA,-0.009256273969315387,-0.01573123127654874,False,-0.01573123127654874,False
2023-11-01,42.302459716796875,42.32500076293945,42.38100051879883,40.86899948120117,40.88399887084961,437593000,NVDA,0.037886336311406366,0.027380336825092444,False,0.027380336825092444,False
2023-11-02,43.48282241821289,43.50600051879883,43.88399887084961,42.89400100708008,43.327999114990234,409172000,NVDA,0.027902933052078138,0.009044376031950518,False,0.009044376031950518,False
2023-11-03,44.98102569580078,45.005001068115234,45.308998107910156,43.722999572753906,44.02000045776367,424610000,NVDA,0.03445506051052383,0.025061330257492465,False,0.025061330257492465,False
2023-11-06,45.72662353515625,45.750999450683594,45.935001373291016,44.89899826049805,45.28499984741211,400733000,NVDA,0.016575830093289223,0.014822837671253586,False,0.014822837671253586,False
2023-11-07,45.93052291870117,45.95500183105469,46.21799850463867,45.15800094604492,45.71900177001953,343165000,NVDA,0.004459095550498171,0.0016189766312129095,False,0.0016189766312129095,False
2023-11-08,46.5491943359375,46.57400131225586,46.867000579833984,45.96799850463867,46.099998474121094,346719000,NVDA,0.013469722918926896,0.012464807296821645,False,0.012464807296821645,False
2023-11-09,46.924991607666016,46.95000076293945,48.22999954223633,46.75,47.46699905395508,540496000,NVDA,0.008073120858256955,0.016156960164989798,False,0.016156960164989798,False
2023-11-10,48.30924987792969,48.334999084472656,48.47200012207031,47.28300094604492,47.5,421245000,NVDA,0.029499382372559113,0.013882941277706617,False,0.013882941277706617,False
2023-11-13,48.59409713745117,48.619998931884766,49.11600112915039,48.0989990234375,48.31999969482422,384136000,NVDA,0.005896329589907712,0.006732168523148063,False,0.006732168523148063,False
2023-11-14,49.62954330444336,49.65599822998047,49.83399963378906,49.040000915527344,49.68000030517578,416954000,NVDA,0.021308064723650988,0.002233047019989165,False,0.002233047019989165,False
2023-11-15,48.86195755004883,48.88800048828125,49.959999084472656,48.20000076293945,49.935001373291016,475497000,NVDA,-0.015466307027770076,-0.01706331910332759,False,-0.01706331910332759,False
2023-11-16,49.453643798828125,49.47999954223633,49.525001525878906,48.33000183105469,48.67900085449219,339756000,NVDA,0.012109343924119997,0.010918916530540113,False,0.010918916530540113,False
2023-11-17,49.27174377441406,49.29800033569336,49.71699905395508,49.00699996948242,49.52399826049805,325205000,NVDA,-0.00367819255450641,-0.004960241614842431,False,-0.004960241614842431,False
2023-11-20,50.38214874267578,50.409000396728516,50.54800033569336,49.180999755859375,49.3120002746582,414120000,NVDA,0.022536344021953036,0.015146065924623198,False,0.015146065924623198,False
2023-11-21,49.91739273071289,49.944000244140625,50.516998291015625,49.22200012207031,50.125999450683594,565747000,NVDA,-0.009224616725590828,-0.007203685630525536,False,-0.007203685630525536,False
2023-11-22,48.69004821777344,48.715999603271484,50.334999084472656,47.689998626708984,49.85200119018555,899420000,NVDA,-0.02458751240395418,-0.02864864162490066,False,-0.02864864162490066,False
2023-11-24,47.750553131103516,47.7760009765625,48.92100143432617,47.744998931884766,48.470001220703125,294645000,NVDA,-0.019295423213957164,-0.019892296881841243,False,-0.019892296881841243,False
2023-11-27,48.216304779052734,48.242000579833984,48.529998779296875,47.652000427246094,47.79999923706055,395662000,NVDA,0.009753848226018658,0.011708005686108747,False,0.011708005686108747,False
2023-11-28,47.79552459716797,47.82099914550781,48.323001861572266,47.472999572753906,48.236000061035156,401491000,NVDA,-0.008726927204665613,-0.009707045735268927,False,-0.009707045735268927,False
2023-11-29,48.11436080932617,48.13999938964844,48.762001037597656,47.86000061035156,48.37900161743164,382005000,NVDA,0.006670838218545194,0.007617086857783506,False,0.007617086857783506,False
2023-11-30,46.745086669921875,46.77000045776367,48.11000061035156,46.422000885009766,48.02399826049805,526247000,NVDA,-0.028458741140314325,-0.03224281399847073,False,-0.03224281399847073,False
2023-12-01,46.74009323120117,46.76499938964844,47.20000076293945,46.1870002746582,46.525001525878906,369317000,NVDA,-0.00010682275029161303,-0.005980564873899308,False,-0.005980564873899308,False
2023-12-04,45.485755920410156,45.5099983215332,46.07699966430664,45.0099983215332,46.07699966430664,437543000,NVDA,-0.026836431510446568,-0.021427922383474463,False,-0.021427922383474463,False
2023-12-05,46.5452880859375,46.566001892089844,46.599998474121094,45.270999908447266,45.465999603271484,371718000,NVDA,0.023293713473318656,0.023862583199480092,False,0.023862583199480092,False
2023-12-06,45.482757568359375,45.50299835205078,47.387001037597656,45.4119987487793,47.21500015258789,380590000,NVDA,-0.02282788572747374,-0.018921682918604188,False,-0.018921682918604188,False
2023-12-07,46.57527542114258,46.59600067138672,46.62900161743164,45.604000091552734,45.70000076293945,350823000,NVDA,0.02402048405137225,0.016052294985479332,False,0.016052294985479332,False
2023-12-08,47.48487091064453,47.50600051879883,47.74100112915039,46.54999923706055,46.595001220703125,359224000,NVDA,0.019529578328356,0.015434080458415211,False,0.015434080458415211,False
2023-12-11,46.606258392333984,46.62699890136719,47.53099822998047,45.83000183105469,47.49100112915039,509728000,NVDA,-0.0185029989860116,-0.02242749327271054,False,-0.02242749327271054,False
2023-12-12,47.63580322265625,47.65700149536133,47.66600036621094,46.04600143432617,46.04600143432617,372387000,NVDA,0.02209026997309027,0.01749091245287504,False,0.01749091245287504,False
2023-12-13,48.06661605834961,48.0880012512207,48.59400177001953,47.608001708984375,47.62900161743164,447792000,NVDA,0.00904388729795702,-0.004606789053088978,False,-0.004606789053088978,False
2023-12-14,48.3284912109375,48.349998474121094,48.66999816894531,47.422000885009766,48.38999938964844,391232000,NVDA,0.005448171185381323,0.0028011087006820645,False,0.0028011087006820645,False
2023-12-15,48.868255615234375,48.88999938964844,49.40399932861328,48.119998931884766,48.194000244140625,479948000,NVDA,0.011168658296013989,0.01124490778932219,False,0.01124490778932219,False
2023-12-18,50.05472183227539,50.07699966430664,50.43299865722656,49.150001525878906,49.400001525878906,412587000,NVDA,0.02427887392549244,0.019750529558592023,False,0.019750529558592023,False
2023-12-19,49.581932067871094,49.604000091552734,49.70000076293945,48.89500045776367,49.42399978637695,464444000,NVDA,-0.009445457832899962,-0.01531186565181053,False,-0.01531186565181053,False
2023-12-20,48.08959197998047,48.111000061035156,49.999000549316406,48.097999572753906,49.654998779296875,397894000,NVDA,-0.030098465825168064,-0.015414198914161292,False,-0.015414198914161292,False
2023-12-21,48.96821212768555,48.9900016784668,49.095001220703125,48.41899871826172,48.81100082397461,300425000,NVDA,0.01827048455871383,0.00796901673751127,False,0.00796901673751127,False
2023-12-22,48.80828094482422,48.83000183105469,49.382999420166016,48.46699905395508,49.19499969482422,252507000,NVDA,-0.00326602046332225,-0.004926078990209137,False,-0.004926078990209137,False
2023-12-26,49.257076263427734,49.27899932861328,49.599998474121094,48.959999084472656,48.96799850463867,244200000,NVDA,0.00919506505690837,0.00496337559139759,False,0.00496337559139759,False
2023-12-27,49.395015716552734,49.41699981689453,49.68000030517578,49.084999084472656,49.51100158691406,233648000,NVDA,0.002800398716060526,0.0013699409695817621,False,0.0013699409695817621,False
2023-12-28,49.49997329711914,49.52199935913086,49.88399887084961,49.4119987487793,49.643001556396484,246587000,NVDA,0.0021248617708453654,0.0017546871628015825,False,0.0017546871628015825,False
2023-12-29,49.49997329711914,49.52199935913086,49.99700164794922,48.750999450683594,49.8129997253418,389293000,NVDA,0.0,0.0028264750133749628,False,0.0028264750133749628,False
2024-01-02,48.14657211303711,48.167999267578125,49.29499816894531,47.595001220703125,49.24399948120117,411254000,NVDA,-0.027341452811668443,-0.021680873806176115,False,-0.021680873806176115,False
2024-01-03,47.5478401184082,47.569000244140625,48.183998107910156,47.31999969482422,47.48500061035156,320896000,NVDA,-0.012435610020651522,-0.004419295097920717,False,-0.004419295097920717,False
2024-01-04,47.97665023803711,47.99800109863281,48.5,47.507999420166016,47.766998291015625,306535000,NVDA,0.009018498391536678,0.012446879688893686,False,0.012446879688893686,False
2024-01-05,49.075157165527344,49.09700012207031,49.547000885009766,48.305999755859375,48.46200180053711,415039000,NVDA,0.02289669916594783,0.0210710129871452,False,0.0210710129871452,False
2024-01-08,52.22975540161133,52.25299835205078,52.275001525878906,49.479000091552734,49.512001037597656,642510000,NVDA,0.06428096043470077,0.050166331124854135,False,0.04395068165593279,False
2024-01-09,53.116363525390625,53.13999938964844,54.32500076293945,51.689998626708984,52.4010009765625,773100000,NVDA,0.016975153664072984,0.018453054343981146,False,0.018453054343981146,False
2024-01-10,54.325828552246094,54.349998474121094,54.599998474121094,53.48899841308594,53.61600112915039,533796000,NVDA,0.02277010221675524,0.01710413032303082,False,0.01710413032303082,False
2024-01-11,54.79761505126953,54.821998596191406,55.34600067138672,53.560001373291016,54.999000549316406,596759000,NVDA,0.008684386627802798,0.009355442206189668,False,0.009355442206189668,False
2024-01-12,54.6856575012207,54.709999084472656,54.970001220703125,54.33000183105469,54.619998931884766,352994000,NVDA,-0.0020431099044014855,-0.0027940854985119,False,-0.0027940854985119,False
2024-01-16,56.3569221496582,56.38199996948242,56.834999084472656,54.900001525878906,55.018001556396484,449580000,NVDA,0.030561297510232732,0.034292637746975885,False,0.034292637746975885,False
2024-01-17,56.028072357177734,56.053001403808594,56.47100067138672,54.7400016784668,56.34700012207031,474394000,NVDA,-0.005835126900777032,-0.00021822971678653325,False,-0.00021822971678653325,False
2024-01-18,57.08160400390625,57.106998443603516,57.599998474121094,56.106998443603516,57.2599983215332,491650000,NVDA,0.018803639004609574,0.009998378040713574,False,0.009998378040713574,False
2024-01-19,59.46453857421875,59.49100112915039,59.5,57.224998474121094,57.98899841308594,543501000,NVDA,0.041746103878745666,0.02943260111380952,False,0.02943260111380952,False
2024-01-22,59.627464294433594,59.65399932861328,60.33100128173828,59.06999969482422,60.04899978637695,452955000,NVDA,0.0027398803408100747,0.000545555138182996,False,0.000545555138182996,False
2024-01-23,59.846370697021484,59.87300109863281,59.90999984741211,58.584999084472656,59.56999969482422,294654000,NVDA,0.0036712344752236614,0.0007498602132556265,False,0.0007498602132556265,False
2024-01-24,61.33470153808594,61.36199951171875,62.8489990234375,59.9379997253418,60.30400085449219,560271000,NVDA,0.024869191293140913,0.024057262881357788,False,0.024057262881357788,False
2024-01-25,61.58959197998047,61.617000579833984,62.71900177001953,60.849998474121094,62.349998474121094,482777000,NVDA,0.0041557297174790175,-0.0011046358102273501,False,-0.0011046358102273501,False
2024-01-26,61.00385284423828,61.03099822998047,61.78300094604492,60.573001861572266,60.959999084472656,390309000,NVDA,-0.00951035908684994,-0.008858573835773487,False,-0.008858573835773487,False
2024-01-29,62.437217712402344,62.46500015258789,62.48899841308594,60.90700149536133,61.231998443603516,348733000,NVDA,0.023496300665203584,0.01593952576902269,False,0.01593952576902269,False
2024-01-30,62.74607467651367,62.77399826049805,63.49300003051758,62.2599983215332,62.900001525878906,410735000,NVDA,0.004946680448414398,0.005547330382954296,False,0.005547330382954296,False
2024-01-31,61.4996337890625,61.527000427246094,62.26900100708008,60.70000076293945,61.439998626708984,453795000,NVDA,-0.01986484244436293,-0.003759097832764957,False,-0.003759097832764957,False
2024-02-01,62.998966217041016,63.027000427246094,63.191001892089844,61.650001525878906,62.099998474121094,369146000,NVDA,0.024379534244400203,0.011885846032790415,False,0.011885846032790415,False
2024-02-02,66.13057708740234,66.16000366210938,66.5999984741211,63.689998626708984,63.9739990234375,476578000,NVDA,0.049708924739692684,0.039024478662178064,False,0.039024478662178064,False
2024-02-05,69.30116271972656,69.33200073242188,69.49700164794922,67.20500183105469,68.2249984741211,680078000,NVDA,0.04794432124996839,0.05113065877664058,False,0.04395068165593279,False
2024-02-06,68.19265747070312,68.2229995727539,69.75399780273438,66.30000305175781,69.62999725341797,683111000,NVDA,-0.015995478366020333,-0.018305889192983926,False,-0.018305889192983926,False
2024-02-07,70.06781768798828,70.0989990234375,70.22000122070312,67.5999984741211,68.31900024414062,495575000,NVDA,0.0274979783283964,0.019256520365006358,False,0.019256520365006358,False
2024-02-08,69.61002349853516,69.64099884033203,70.79399871826172,69.45500183105469,70.0739974975586,414422000,NVDA,-0.006533587095457705,-0.007104170356282857,False,-0.007104170356282857,False
2024-02-09,72.10092163085938,72.13300323486328,72.18499755859375,70.21199798583984,70.53299713134766,436637000,NVDA,0.03578361286398124,0.030041271338421716,False,0.030041271338421716,False
2024-02-12,72.21585845947266,72.24800109863281,74.61100006103516,71.25,72.5999984741211,613710000,NVDA,0.0015941103943404311,0.002543063995473105,False,0.002543063995473105,False
2024-02-13,72.0959243774414,72.12799835205078,73.44999694824219,69.62000274658203,70.4000015258789,602580000,NVDA,-0.0016607720878726306,0.012013483565752825,False,0.012013483565752825,False
2024-02-14,73.86713409423828,73.9000015258789,74.23600006103516,71.93800354003906,73.2020034790039,504917000,NVDA,0.024567404220023903,0.014987640945006264,False,0.014987640945006264,False
2024-02-15,72.62567901611328,72.65799713134766,73.9749984741211,72.4000015258789,73.86900329589844,420122000,NVDA,-0.01680659596920564,-0.022627846653935135,False,-0.022627846653935135,False
2024-02-16,72.58070373535156,72.61299896240234,74.4020004272461,72.5009994506836,74.0999984741211,495327000,NVDA,-0.0006192751843564492,0.004184194652755657,False,0.004184194652755657,False
2024-02-20,69.42111206054688,69.4520034790039,71.95600128173828,67.73400115966797,71.9469985961914,704833000,NVDA,-0.04353211683266933,-0.03752679483150401,False,-0.03583109060278436,False
2024-02-21,67.4419937133789,67.47200012207031,68.88800048828125,66.24800109863281,68.00599670410156,673755000,NVDA,-0.028508882794067714,-0.029773082717049815,False,-0.029773082717049815,False
2024-02-23,78.78193664550781,78.81700134277344,82.39399719238281,77.56999969482422,80.79000091552734,829388000,NVDA,0.0035522430270307215,0.0032042954808191304,False,0.0032042954808191304,False
2024-02-26,79.05682373046875,79.09200286865234,80.64600372314453,78.50499725341797,79.69999694824219,503973000,NVDA,0.0034892146177851746,0.0072759659679757505,False,0.0072759659679757505,False
2024-02-27,78.6659927368164,78.70099639892578,79.4800033569336,77.16200256347656,79.38099670410156,391705000,NVDA,-0.004943671845264341,-0.006650021544664209,False,-0.006650021544664209,False
2024-02-28,77.62844848632812,77.66300201416016,78.93299865722656,77.125,77.62000274658203,393110000,NVDA,-0.0131892348191609,-0.011531079758730356,False,-0.011531079758730356,False
2024-02-29,79.07682037353516,79.11199951171875,79.98999786376953,78.3499984741211,79.09400177001953,507289000,NVDA,0.018657746167142886,0.013428651469993724,False,0.013428651469993724,False
2024-03-01,82.24240112304688,82.27899932861328,82.30000305175781,79.43499755859375,80.0,479135000,NVDA,0.04003171516708015,0.03202388621819252,False,0.03202388621819252,False
2024-03-04,85.19908905029297,85.23699951171875,87.69499969482422,83.71900177001953,84.12999725341797,615616000,NVDA,0.03595089499907056,0.037144157069989525,False,0.037144157069989525,False
2024-03-05,85.92979431152344,85.96399688720703,86.09700012207031,83.41699981689453,85.2699966430664,520639000,NVDA,0.00857644452981332,0.018769545413257926,False,0.018769545413257926,False
2024-03-06,88.66470336914062,88.69999694824219,89.7239990234375,87.02999877929688,88.02200317382812,582520000,NVDA,0.03182725013517729,0.026686146931902632,False,0.026686146931902632,False
2024-03-07,92.63212585449219,92.66899871826172,92.76699829101562,89.60199737548828,90.15799713134766,608119000,NVDA,0.044746357170269535,0.03444222924431806,False,0.03444222924431806,False
2024-03-08,87.49317169189453,87.52799987792969,97.4000015258789,86.50599670410156,95.13800048828125,1142269000,NVDA,-0.05547701853102238,-0.0489484995275844,False,-0.03583109060278436,False
2024-03-11,85.73986053466797,85.77400207519531,88.7969970703125,84.16600036621094,86.42900085449219,678364000,NVDA,-0.020039405628142215,-0.018917167540795754,False,-0.018917167540795754,False
2024-03-12,91.87642669677734,91.91300201416016,91.95999908447266,86.1500015258789,88.04900360107422,668075000,NVDA,0.07157191677059149,0.0603701287892251,False,0.04395068165593279,False
2024-03-13,90.85183715820312,90.88800048828125,91.50399780273438,88.43499755859375,91.05500030517578,635713000,NVDA,-0.011151821804690987,-0.009227292089350247,False,-0.009227292089350247,False
2024-03-14,87.90901184082031,87.94400024414062,90.64600372314453,86.5999984741211,89.5770034790039,602318000,NVDA,-0.03239147836117373,-0.02952038679904634,False,-0.02952038679904634,False
2024-03-15,87.80204772949219,87.83699798583984,89.5459976196289,86.25700378417969,86.93000030517578,642086000,NVDA,-0.0012167593411447353,0.005266158143316768,False,0.005266158143316768,False
2024-03-18,88.4197998046875,88.45500183105469,92.40499877929688,87.08499908447266,90.38800048828125,668976000,NVDA,0.007035736536561643,0.0007176770316092984,False,0.0007176770316092984,False
2024-03-19,89.36243438720703,89.39800262451172,90.54399871826172,85.01000213623047,86.69999694824219,672171000,NVDA,0.010660899307640692,0.005011749657517051,False,0.005011749657517051,False
2024-03-20,90.3360366821289,90.37200164794922,90.41000366210938,88.2229995727539,89.7969970703125,479063000,NVDA,0.01089498402318867,0.0019908101103420783,False,0.0019908101103420783,False
2024-03-21,91.39861297607422,91.43499755859375,92.64800262451172,90.40499877929688,92.30000305175781,480372000,NVDA,0.011762485193857586,0.008525949792341558,False,0.008525949792341558,False
2024-03-22,94.2514877319336,94.28900146484375,94.77799987792969,90.83399963378906,91.14099884033203,586719000,NVDA,0.031213545402556386,0.03261573325157208,False,0.03261573325157208,False
2024-03-25,94.96419525146484,95.00199890136719,96.76599884033203,93.51000213623047,93.94100189208984,552136000,NVDA,0.007561764134252247,0.010616728586753776,False,0.010616728586753776,False
2024-03-26,92.52416229248047,92.56099700927734,96.375,92.50199890136719,95.85099792480469,513648000,NVDA,-0.02569424141933896,-0.022894446194308693,False,-0.022894446194308693,False
2024-03-27,90.2140884399414,90.25,93.23999786376953,89.12300109863281,93.11199951171875,586067000,NVDA,-0.024967249584347817,-0.03359787610988074,False,-0.03359787610988074,False
2024-03-28,90.32005310058594,90.35600280761719,91.30000305175781,89.19300079345703,90.0,435212000,NVDA,0.0011745910475509103,5.8105540371888864e-05,False,5.8105540371888864e-05,False
2024-04-01,90.32704162597656,90.36299896240234,92.2249984741211,89.2040023803711,90.29900360107422,452441000,NVDA,7.737512491101661e-05,0.002090959665027481,False,0.002090959665027481,False
2024-04-02,89.4164047241211,89.4520034790039,90.09400177001953,87.62000274658203,88.447998046875,433064000,NVDA,-0.010081553491214756,-0.002842494418045627,False,-0.002842494418045627,False
2024-04-03,88.92860412597656,88.96399688720703,90.3740005493164,88.4000015258789,88.48400115966797,370067000,NVDA,-0.005455381477812216,-0.006546503842500329,False,-0.006546503842500329,False
2024-04-04,85.87081146240234,85.90499877929688,90.63400268554688,85.87999725341797,90.40599822998047,434965000,NVDA,-0.03438480445777081,-0.022050468107391197,False,-0.022050468107391197,False
2024-04-05,87.97297668457031,88.00800323486328,88.48100280761719,85.9260025024414,86.86599731445312,399678000,NVDA,0.02448055615601552,0.013381361981683826,False,0.013381361981683826,False
2024-04-08,87.09832763671875,87.13300323486328,88.83000183105469,86.73200225830078,88.69999694824219,283220000,NVDA,-0.00994224682185807,-0.009567615823540154,False,-0.009567615823540154,False
2024-04-09,85.32002258300781,85.35399627685547,87.63500213623047,83.02200317382812,87.44200134277344,501700000,NVDA,-0.020417212384698402,-0.021862705577946784,False,-0.021862705577946784,False
2024-04-10,87.00436401367188,87.03900146484375,87.4000015258789,83.70899963378906,83.9260025024414,431929000,NVDA,0.01974145551854911,0.029198436167657604,False,0.029198436167657604,False
2024-04-11,90.57994079589844,90.61599731445312,90.73899841308594,86.9260025024414,87.41999816894531,431637000,NVDA,0.04109652225794891,0.033651724547363315,False,0.033651724547363315,False
2024-04-12,88.1509017944336,88.18599700927734,90.17500305175781,87.52999877929688,89.6989974975586,426805000,NVDA,-0.026816522290935674,-0.012265833995134034,False,-0.012265833995134034,False
2024-04-15,85.9667739868164,86.0009994506836,90.61299896240234,85.92900085449219,89.0979995727539,443077000,NVDA,-0.02477714649715712,-0.012755791549395101,False,-0.012755791549395101,False
2024-04-16,87.38021087646484,87.41500091552734,88.11799621582031,86.06400299072266,86.43299865722656,370453000,NVDA,0.016441664890963548,0.0184981719042997,False,0.0184981719042997,False
2024-04-17,84.0015640258789,84.03500366210938,88.7750015258789,83.94999694824219,88.33999633789062,495400000,NVDA,-0.038666041391941186,-0.03288543866729976,False,-0.03288543866729976,False
2024-04-18,84.6373062133789,84.6709976196289,86.19000244140625,82.4020004272461,84.97000122070312,447260000,NVDA,0.00756821845964839,0.009776378579646638,False,0.009776378579646638,False
2024-04-22,79.48635864257812,79.51799774169922,80.072998046875,76.4000015258789,78.10399627685547,596341000,NVDA,0.04354332336509703,0.034812075293630285,False,0.034812075293630285,False
2024-04-23,82.39020538330078,82.4229965209961,82.76899719238281,80.26399993896484,80.76899719238281,438559000,NVDA,0.036532642711439633,0.02456806644056697,False,0.02456806644056697,False
2024-04-24,79.64530181884766,79.677001953125,84.08200073242188,79.18299865722656,83.94999694824219,512208000,NVDA,-0.03331589661274803,-0.03352890667410291,False,-0.03352890667410291,False
2024-04-25,82.59912872314453,82.63200378417969,83.322998046875,78.2229995727539,78.86799621582031,424641000,NVDA,0.03708727114896648,0.04166370150248211,False,0.04166370150248211,False
2024-04-26,87.70008850097656,87.73500061035156,88.33100128173828,83.38700103759766,83.81800079345703,551011000,NVDA,0.06175561239791527,0.05154646976317223,False,0.04395068165593279,False
2024-04-29,87.72208404541016,87.75700378417969,87.99199676513672,85.26599884033203,87.59500122070312,388971000,NVDA,0.000250804130412563,-0.0029276445361765546,False,-0.0029276445361765546,False
2024-04-30,86.36762237548828,86.4020004272461,88.81900024414062,86.30000305175781,87.23999786376953,363709000,NVDA,-0.015440372679936809,0.00029014090692536243,False,0.00029014090692536243,False
2024-05-01,83.00794982910156,83.04100036621094,86.0,81.25499725341797,85.0770034790039,559863000,NVDA,-0.03889967622103041,-0.03546423740553639,False,-0.03546423740553639,False
2024-05-02,85.78285217285156,85.81700134277344,86.23699951171875,83.19999694824219,84.4489974975586,377898000,NVDA,0.03342935645878531,0.02430091938121226,False,0.02430091938121226,False
2024-05-03,88.75366973876953,88.78900146484375,89.28099822998047,87.04000091552734,87.78900146484375,398341000,NVDA,0.034631834809267126,0.0220750950877886,False,0.0220750950877886,False
2024-05-06,92.10333251953125,92.13999938964844,92.22000122070312,89.05500030517578,89.38999938964844,376203000,NVDA,0.03774111865594798,0.02741499474893616,False,0.02741499474893616,False
2024-05-07,90.5179672241211,90.55400085449219,91.78099822998047,89.01100158691406,91.0979995727539,437342000,NVDA,-0.017212898296312673,-0.01855632811958774,False,-0.01855632811958774,False
2024-05-08,90.37602233886719,90.41200256347656,91.19400024414062,89.41999816894531,89.48300170898438,325721000,NVDA,-0.0015681404433492974,-0.0015623048251831584,False,-0.0015623048251831584,False
2024-05-09,88.71168518066406,88.74700164794922,91.0719985961914,88.23100280761719,90.52899932861328,378013000,NVDA,-0.018415693843690684,-0.02350664154231652,False,-0.02350664154231652,False
2024-05-10,89.84223175048828,89.87799835205078,91.4010009765625,89.22699737548828,90.30500030517578,335325000,NVDA,0.012744054715247755,0.011094655870697911,False,0.011094655870697911,False
2024-05-13,90.363037109375,90.39900207519531,90.99800109863281,88.52899932861328,90.47799682617188,289680000,NVDA,0.005796888041841086,0.006038192097198358,False,0.006038192097198358,False
2024-05-14,91.31965637207031,91.35600280761719,91.6510009765625,88.93399810791016,89.5989990234375,296507000,NVDA,0.010586400073488322,0.005748586933728594,False,0.005748586933728594,False
2024-05-15,94.59235382080078,94.62999725341797,94.86199951171875,91.5989990234375,92.47200012207031,417735000,NVDA,0.03583782045123218,0.02412189256863595,False,0.02412189256863595,False
2024-05-16,94.32144927978516,94.35900115966797,95.81900024414062,94.10299682617188,94.91000366210938,323952000,NVDA,-0.0028639158459766723,-0.000782248053847967,False,-0.000782248053847967,False
2024-05-17,92.44219207763672,92.47899627685547,94.73999786376953,91.80599975585938,94.36900329589844,359691000,NVDA,-0.019923964448150144,-0.021088737958420367,False,-0.021088737958420367,False
2024-05-20,94.7422866821289,94.77999877929688,95.19999694824219,93.44000244140625,93.75,318764000,NVDA,0.024881437283102104,0.023965047345695156,False,0.023965047345695156,False
2024-05-21,95.3480453491211,95.38600158691406,95.4000015258789,93.18000030517578,93.5989990234375,328946000,NVDA,0.006393751810367165,0.0038918775663889793,False,0.0038918775663889793,False
2024-05-22,94.91222381591797,94.94999694824219,96.0199966430664,93.2490005493164,95.45899963378906,548648000,NVDA,-0.004570849162217727,-0.0018647261229916001,False,-0.0018647261229916001,False
2024-05-24,106.4266357421875,106.46900177001953,106.4749984741211,103.0,104.4489974975586,429494000,NVDA,0.025722791976222403,0.018721749388052933,False,0.018721749388052933,False
2024-05-29,114.77930450439453,114.82499694824219,115.49199676513672,110.9010009765625,113.05000305175781,557442000,NVDA,0.00811235324114179,0.015479399750822243,False,0.015479399750822243,False
2024-05-30,110.45602416992188,110.5,115.81900024414062,109.66300201416016,114.6500015258789,484553000,NVDA,-0.037666026581535283,-0.03169099099609196,False,-0.03169099099609196,False
2024-05-31,109.5893783569336,109.63300323486328,112.71700286865234,106.94000244140625,112.5199966430664,613263000,NVDA,-0.00784607104502566,-0.01587394724989033,False,-0.01587394724989033,False
2024-06-03,114.95423889160156,115.0,115.0,112.00299835205078,113.62100219726562,438392000,NVDA,0.048954201721945756,0.047838119141272006,False,0.04395068165593279,False
2024-06-04,116.39067077636719,116.43699645996094,116.5999984741211,114.04499816894531,115.71600341796875,403324000,NVDA,0.01249568435766979,0.010992875266363278,False,0.010992875266363278,False
2024-06-05,122.39127349853516,122.44000244140625,122.4489974975586,117.46800231933594,118.37100219726562,528402000,NVDA,0.05155570186288827,0.039708052069556965,False,0.039708052069556965,False
2024-06-06,120.94985961914062,120.99800109863281,125.58699798583984,118.31999969482422,124.0479965209961,664696000,NVDA,-0.01177709683208572,-0.011577280196452544,False,-0.011577280196452544,False
2024-06-07,120.83989715576172,120.88800048828125,121.69200134277344,118.02200317382812,119.7699966430664,412386000,NVDA,-0.0009091574287490856,0.00020606230128128455,False,0.00020606230128128455,False
2024-06-10,121.74153900146484,121.79000091552734,123.0999984741211,117.01000213623047,120.37000274658203,313434100,NVDA,0.007461458234616858,0.004880603570102338,False,0.004880603570102338,False
2024-06-11,120.871826171875,120.91000366210938,122.87000274658203,118.73999786376953,121.7699966430664,222551200,NVDA,-0.0071439283314742585,-0.009854309646611714,False,-0.009854309646611714,False
2024-06-12,125.16044616699219,125.19999694824219,126.87999725341797,122.56999969482422,123.05999755859375,299595000,NVDA,0.035480724755651005,0.0269770519636523,False,0.0269770519636523,False
2024-06-13,129.56907653808594,129.61000061035156,129.8000030517578,127.16000366210938,129.38999938964844,260704500,NVDA,0.035223830739718354,0.032879174886036644,False,0.032879174886036644,False
2024-06-14,131.83836364746094,131.8800048828125,132.83999633789062,128.32000732421875,129.9600067138672,309320400,NVDA,0.017514110388121562,0.017907971085622476,False,0.017907971085622476,False
2024-06-17,130.9386444091797,130.97999572753906,133.72999572753906,129.5800018310547,132.99000549316406,288504400,NVDA,-0.006824411448909662,-0.014488798013462367,False,-0.014488798013462367,False
2024-06-18,135.5371856689453,135.5800018310547,136.3300018310547,130.69000244140625,131.13999938964844,294335100,NVDA,0.03511981722825319,0.03259848983350744,False,0.03259848983350744,False
2024-06-20,130.73870849609375,130.77999877929688,140.75999450683594,129.52000427246094,139.8000030517578,517768400,NVDA,-0.035403399806249625,-0.03287746795897872,False,-0.03287746795897872,False
2024-06-21,126.530029296875,126.56999969482422,130.6300048828125,124.30000305175781,127.12000274658203,649445800,NVDA,-0.03219153109000228,-0.030629400768901083,False,-0.030629400768901083,False
2024-06-26,126.36009216308594,126.4000015258789,128.1199951171875,122.5999984741211,126.12999725341797,362975900,NVDA,0.0024587135617464284,0.0008862823615261028,False,0.0008862823615261028,False
2024-06-27,123.95083618164062,123.98999786376953,126.41000366210938,122.91999816894531,124.0999984741211,252571700,NVDA,-0.01906658930207028,-0.019973910525961758,False,-0.019973910525961758,False
2024-06-28,123.50098419189453,123.54000091552734,127.70999908447266,122.75,124.58000183105469,315516700,NVDA,-0.003629277571688738,0.0004543750117569356,False,0.0004543750117569356,False
2024-07-01,124.26075744628906,124.30000305175781,124.83999633789062,118.83000183105469,123.47000122070312,284885500,NVDA,0.006151961131046546,0.003476397200127046,False,0.003476397200127046,False
2024-07-02,122.63126373291016,122.66999816894531,123.41000366210938,121.02999877929688,121.12999725341797,218374000,NVDA,-0.013113502177734992,-0.019308820034248497,False,-0.019308820034248497,False
2024-07-03,128.23948669433594,128.27999877929688,128.27999877929688,121.36000061035156,121.66000366210938,215749000,NVDA,0.04573240779480536,0.0406479633850263,False,0.0406479633850263,False
2024-07-05,125.7902603149414,125.83000183105469,128.85000610351562,125.68000030517578,127.37999725341797,214176700,NVDA,-0.01909884734046352,-0.024547612518949102,False,-0.024547612518949102,False
2024-07-08,128.1595001220703,128.1999969482422,130.77000427246094,127.04000091552734,127.48999786376953,237677300,NVDA,0.01883484302518368,0.017818144060432584,False,0.017818144060432584,False
2024-07-09,131.33851623535156,131.3800048828125,133.82000732421875,128.64999389648438,130.35000610351562,285366600,NVDA,0.024805153814217995,0.024064081877932297,False,0.024064081877932297,False
2024-07-10,134.86740112304688,134.91000366210938,135.10000610351562,132.4199981689453,134.02999877929688,248978600,NVDA,0.026868621550221627,0.016660556256706816,False,0.016660556256706816,False
2024-07-11,127.35977172851562,127.4000015258789,136.14999389648438,127.05000305175781,135.75,374782700,NVDA,-0.055666746241233134,-0.04690371740011268,False,-0.03583109060278436,False
2024-07-12,129.19918823242188,129.24000549316406,131.9199981689453,127.22000122070312,128.25999450683594,252680500,NVDA,0.014442680596406854,0.008925653521976162,False,0.008925653521976162,False
2024-07-15,128.39942932128906,128.44000244140625,131.38999938964844,127.18000030517578,130.55999755859375,208326200,NVDA,-0.006190123344227971,-0.009016325969443462,False,-0.009016325969443462,False
2024-07-16,126.3200912475586,126.36000061035156,129.0399932861328,124.58000183105469,128.44000244140625,214769500,NVDA,-0.01619429373418335,-0.02258366923292654,False,-0.02258366923292654,False
2024-07-17,117.9527359008789,117.98999786376953,121.8499984741211,116.72000122070312,121.3499984741211,390086200,NVDA,-0.06623930733458372,-0.052311764092589974,False,-0.03583109060278436,False
2024-07-18,121.05176544189453,121.08999633789062,122.4000015258789,116.55999755859375,121.8499984741211,320979500,NVDA,0.026273485878444358,0.03408988981536687,False,0.03408988981536687,False
2024-07-19,117.89276123046875,117.93000030517578,121.5999984741211,117.37000274658203,120.3499984741211,217223800,NVDA,-0.026096308466827978,-0.018956042934901052,False,-0.018956042934901052,False
2024-07-22,123.50098419189453,123.54000091552734,124.06999969482422,119.86000061035156,120.3499984741211,258068900,NVDA,0.047570545493138994,0.036778509843729434,False,0.036778509843729434,False
2024-07-23,122.55128479003906,122.58999633789062,124.69000244140625,122.0999984741211,122.77999877929688,173911000,NVDA,-0.007689812417849495,-0.006131709828078757,False,-0.006131709828078757,False
2024-07-24,114.21391296386719,114.25,119.94999694824219,113.44000244140625,119.16999816894531,327776900,NVDA,-0.06803169661138908,-0.04488260285665413,False,-0.03583109060278436,False
2024-07-25,112.24453735351562,112.27999877929688,116.62999725341797,106.30000305175781,113.04000091552734,460067000,NVDA,-0.0172428696228506,-0.01210024938500831,False,-0.01210024938500831,False
2024-07-26,113.0242919921875,113.05999755859375,116.19999694824219,111.58000183105469,116.19000244140625,293399100,NVDA,0.006946927280888859,-0.004143541421957497,False,-0.004143541421957497,False
2024-07-29,111.55474853515625,111.58999633789062,116.27999877929688,111.30000305175781,113.69000244140625,248152100,NVDA,-0.01300201426727654,-0.01381532439656985,False,-0.01381532439656985,False
2024-08-01,109.1755142211914,109.20999908447266,120.16000366210938,106.80999755859375,117.52999877929688,523462300,NVDA,-0.06674066295746073,-0.053047159964004664,False,-0.03583109060278436,False
2024-08-02,107.23611450195312,107.2699966430664,108.72000122070312,101.37000274658203,103.76000213623047,482027500,NVDA,-0.017764053900483856,0.0006178069682128973,False,0.0006178069682128973,False
2024-08-05,100.41827392578125,100.44999694824219,103.41000366210938,90.69000244140625,92.05999755859375,552842400,NVDA,-0.06357784043031234,-0.03360904204167259,False,-0.03360904204167259,False
2024-08-06,104.21707916259766,104.25,107.70999908447266,100.55000305175781,103.83999633789062,409012100,NVDA,0.03782982009453861,0.027475734214477576,False,0.027475734214477576,False
2024-08-07,98.87876892089844,98.91000366210938,108.80000305175781,98.69000244140625,107.80999755859375,411440400,NVDA,-0.051222988444825646,-0.04348834058632278,False,-0.03583109060278436,False
2024-08-08,104.93685150146484,104.97000122070312,105.5,97.5199966430664,102.0,391910000,NVDA,0.06126777918738835,0.0382251676682519,False,0.0382251676682519,False
2024-08-09,104.71692657470703,104.75,106.5999984741211,103.43000030517578,105.63999938964844,290844200,NVDA,-0.0020957835461142826,-0.006767460395652791,False,-0.006767460395652791,False
2024-08-12,108.9855728149414,109.0199966430664,111.06999969482422,106.26000213623047,106.31999969482422,325559900,NVDA,0.040763670018419074,0.040720636040763925,False,0.040720636040763925,False
2024-08-13,116.10331726074219,116.13999938964844,116.2300033569336,111.58000183105469,112.44000244140625,312646700,NVDA,0.06530905203284831,0.048461472279289985,False,0.04395068165593279,False
2024-08-14,118.04270935058594,118.08000183105469,118.5999984741211,114.06999969482422,118.52999877929688,339246400,NVDA,0.01670401962321466,0.01288029119463796,False,0.01288029119463796,False
2024-08-15,122.82120513916016,122.86000061035156,123.23999786376953,117.47000122070312,118.76000213623047,318086700,NVDA,0.04048107515375743,0.024347827389426646,False,0.024347827389426646,False
2024-08-16,124.54065704345703,124.58000183105469,125.0,121.18000030517578,121.94000244140625,302589900,NVDA,0.013999633877136208,0.012009854519874796,False,0.012009854519874796,False
2024-08-19,129.9589385986328,130.0,130.0,123.41999816894531,124.27999877929688,318333600,NVDA,0.04350612630287576,0.03378384156596259,False,0.03378384156596259,False
2024-08-20,127.2098159790039,127.25,129.8800048828125,125.88999938964844,128.39999389648438,300087400,NVDA,-0.021153778641724186,-0.01916922324342707,False,-0.01916922324342707,False
2024-08-21,128.4594268798828,128.5,129.35000610351562,126.66000366210938,127.31999969482422,257883600,NVDA,0.009823227014848834,0.005583550186066821,False,0.005583550186066821,False
2024-08-22,123.700927734375,123.73999786376953,130.75,123.0999984741211,130.02000427246094,376189100,NVDA,-0.03704281780703644,-0.028110012258915518,False,-0.028110012258915518,False
2024-08-23,129.32913208007812,129.3699951171875,129.60000610351562,125.22000122070312,125.86000061035156,323230300,NVDA,0.04549848128696876,0.03401511043684957,False,0.03401511043684957,False
2024-08-26,126.42005920410156,126.45999908447266,131.25999450683594,124.37000274658203,129.57000732421875,331964700,NVDA,-0.02249356219428833,-0.01933983550115015,False,-0.01933983550115015,False
2024-08-27,128.25949096679688,128.3000030517578,129.1999969482422,123.87999725341797,125.05000305175781,303134600,NVDA,0.014550157421818755,0.01295496133527374,False,0.01295496133527374,False
2024-08-28,125.5703353881836,125.61000061035156,128.3300018310547,122.63999938964844,128.1199951171875,448101100,NVDA,-0.020966523088021938,-0.014990549880045778,False,-0.014990549880045778,False
2024-08-30,119.33230590820312,119.37000274658203,121.75,117.22000122070312,119.52999877929688,333751600,NVDA,0.015137375405547049,0.005044323631122616,False,0.005044323631122616,False
2024-09-04,106.17645263671875,106.20999908447266,113.2699966430664,104.12000274658203,105.41000366210938,372470300,NVDA,-0.016574089810091674,-0.014971546229181287,False,-0.014971546229181287,False
2024-09-05,107.17613983154297,107.20999908447266,109.6500015258789,104.76000213623047,104.98999786376953,306850700,NVDA,0.009415338052822575,0.012433355668407309,False,0.012433355668407309,False
2024-09-06,102.79752349853516,102.83000183105469,108.1500015258789,100.94999694824219,108.04000091552734,413638100,NVDA,-0.04085439482976361,-0.02359414497047896,False,-0.02359414497047896,False
2024-09-09,106.4363784790039,106.47000122070312,106.55000305175781,103.69000244140625,104.87999725341797,273912000,NVDA,0.035398274750467085,0.023818204467982884,False,0.023818204467982884,False
2024-09-10,108.06585693359375,108.0999984741211,109.4000015258789,104.94999694824219,107.80999755859375,268283700,NVDA,0.015309412795468935,0.010836740142629253,False,0.010836740142629253,False
2024-09-12,119.11256408691406,119.13999938964844,120.79000091552734,115.37999725341797,116.83999633789062,366052700,NVDA,0.01916169869313422,0.011666396334194973,False,0.011666396334194973,False
2024-09-13,119.07256317138672,119.0999984741211,119.95999908447266,117.5999984741211,119.08000183105469,238358300,NVDA,-0.0003358244853007841,-0.005743535890665341,False,-0.005743535890665341,False
2024-09-16,116.75309753417969,116.77999877929688,118.18000030517578,114.36000061035156,116.79000091552734,248772300,NVDA,-0.01947942981514994,-0.02073605958081126,False,-0.02073605958081126,False
2024-09-17,115.5633773803711,115.58999633789062,118.80000305175781,114.83000183105469,118.16999816894531,231925900,NVDA,-0.01019005216080282,-0.010454602241901534,False,-0.010454602241901534,False
2024-09-18,113.3438949584961,113.37000274658203,117.69999694824219,113.22000122070312,115.88999938964844,310318900,NVDA,-0.01920575940394753,-0.016309303541449438,False,-0.016309303541449438,False
2024-09-19,117.84285736083984,117.87000274658203,119.66000366210938,117.25,117.3499984741211,293506400,NVDA,0.03969302805405772,0.022716174887294383,False,0.022716174887294383,False
2024-09-20,115.97328186035156,116.0,118.62000274658203,115.38999938964844,117.05999755859375,382462400,NVDA,-0.01586498785211532,-0.013923960456991513,False,-0.013923960456991513,False
2024-09-23,116.23323059082031,116.26000213623047,116.98999786376953,114.86000061035156,116.55000305175781,206228500,NVDA,0.0022414536029236043,-0.0005678194556091309,False,-0.0005678194556091309,False
2024-09-24,120.8421630859375,120.87000274658203,121.80000305175781,115.37999725341797,116.5199966430664,354966800,NVDA,0.03965245112511906,0.03714127228077202,False,0.03714127228077202,False
2024-09-25,123.48155975341797,123.51000213623047,124.94000244140625,121.61000061035156,122.0199966430664,284692900,NVDA,0.021841686709989094,0.023702935640130818,False,0.023702935640130818,False
2024-09-26,124.01143646240234,124.04000091552734,127.66999816894531,121.80000305175781,126.80000305175781,302582900,NVDA,0.004291140394100168,0.0002524646769770378,False,0.0002524646769770378,False
2024-09-27,121.3720474243164,121.4000015258789,124.02999877929688,119.26000213623047,123.97000122070312,271009200,NVDA,-0.021283432507340883,-0.020030215540350338,False,-0.020030215540350338,False
2024-09-30,121.41203308105469,121.44000244140625,121.5,118.1500015258789,118.30999755859375,226553700,NVDA,0.00032944699860326665,-0.003907105582573456,False,-0.003907105582573456,False
2024-10-01,116.97305297851562,117.0,122.44000244140625,115.79000091552734,121.7699966430664,302094500,NVDA,-0.03656128630656896,-0.027237179211904605,False,-0.027237179211904605,False
2024-10-02,118.82262420654297,118.8499984741211,119.37999725341797,115.13999938964844,116.44000244140625,221845900,NVDA,0.0158119428443666,0.015673551942242625,False,0.015673551942242625,False
2024-10-03,122.82170867919922,122.8499984741211,124.36000061035156,120.33999633789062,120.91999816894531,277118000,NVDA,0.033655917796469925,0.03533733128872496,False,0.03533733128872496,False
2024-10-04,124.89122772216797,124.91999816894531,125.04000091552734,121.83000183105469,124.94000244140625,243678100,NVDA,0.0168497822186644,0.007879532823390045,False,0.007879532823390045,False
2024-10-07,127.69059753417969,127.72000122070312,130.63999938964844,124.94999694824219,124.98999786376953,346250200,NVDA,0.02241446307373307,0.03200048523961574,False,0.03200048523961574,False
2024-10-08,132.85939025878906,132.88999938964844,133.47999572753906,129.4199981689453,130.25999450683594,285722500,NVDA,0.040479039368782166,0.030789691873200242,False,0.030789691873200242,False
2024-10-09,132.61944580078125,132.64999389648438,134.52000427246094,131.3800048828125,134.11000061035156,246191600,NVDA,-0.0018060030046836983,-0.00891941499217197,False,-0.00891941499217197,False
2024-10-10,134.77896118164062,134.80999755859375,135.0,131.0,131.91000366210938,242311300,NVDA,0.01628355003159454,0.018353672871584514,False,0.018353672871584514,False
2024-10-11,134.7689666748047,134.8000030517578,135.77999877929688,133.66000366210938,134.00999450683594,170209500,NVDA,-7.41547994458358e-05,-0.006126002387399465,False,-0.006126002387399465,False
2024-10-14,138.03822326660156,138.07000732421875,139.60000610351562,136.3000030517578,136.47000122070312,232347700,NVDA,0.024258230009921666,0.016550563126699336,False,0.016550563126699336,False
2024-10-15,131.5697021484375,131.60000610351562,138.57000732421875,128.74000549316406,137.8699951171875,377831000,NVDA,-0.04686036204385957,-0.039250895711421374,False,-0.03583109060278436,False
2024-10-16,135.68873596191406,135.72000122070312,136.6199951171875,131.5800018310547,133.97999572753906,264879700,NVDA,0.03130685671712974,0.026627710760555923,False,0.026627710760555923,False
2024-10-17,136.89846801757812,136.92999267578125,140.88999938964844,136.8699951171875,139.33999633789062,306435900,NVDA,0.008915493589708223,0.00908665406861997,False,0.00908665406861997,False
2024-10-18,137.9682159423828,138.0,138.89999389648438,137.27999877929688,138.6699981689453,176090200,NVDA,0.007814170167830703,0.0038426174288819226,False,0.0038426174288819226,False
2024-10-21,143.67691040039062,143.7100067138672,143.7100067138672,138.0,138.1300048828125,264554500,NVDA,0.041376881037527014,0.04319965052816399,False,0.04319965052816399,False
2024-10-22,143.55694580078125,143.58999633789062,144.4199981689453,141.77999877929688,142.91000366210938,226311600,NVDA,-0.000834960880457869,-0.0003601069920734501,False,-0.0003601069920734501,False
2024-10-23,139.52786254882812,139.55999755859375,142.42999267578125,137.4600067138672,142.02999877929688,285930000,NVDA,-0.02806609759965506,-0.018874774171585673,False,-0.018874774171585673,False
2024-10-24,140.37767028808594,140.41000366210938,141.35000610351562,138.4600067138672,140.82000732421875,172354900,NVDA,0.006090595267023602,0.003944823255699781,False,0.003944823255699781,False
2024-10-25,141.5074005126953,141.5399932861328,144.1300048828125,140.8000030517578,140.92999267578125,205122100,NVDA,0.008047791520481296,0.00834723869041143,False,0.00834723869041143,False
2024-10-28,140.48765563964844,140.52000427246094,143.13999938964844,140.0500030517578,143.0,173586700,NVDA,-0.007206300655317244,-0.00985774415735119,False,-0.00985774415735119,False
2024-10-29,141.21746826171875,141.25,142.25999450683594,138.89999389648438,140.2899932861328,157593600,NVDA,0.0051948523074674124,0.0035807250593040685,False,0.0035807250593040685,False
2024-10-30,139.3079071044922,139.33999633789062,140.3300018310547,136.80999755859375,139.5399932861328,179418100,NVDA,-0.013522131367541323,-0.010221897478197572,False,-0.010221897478197572,False
2024-10-31,132.72943115234375,132.75999450683594,137.61000061035156,132.11000061035156,137.60000610351562,270039600,NVDA,-0.04722255964418476,-0.028607858772485173,False,-0.028607858772485173,False
2024-11-01,135.3688201904297,135.39999389648438,137.30999755859375,134.57000732421875,134.6999969482422,207127800,NVDA,0.01988548444132565,0.015792974897699485,False,0.015792974897699485,False
2024-11-04,136.0186767578125,136.0500030517578,138.9600067138672,135.57000732421875,137.2100067138672,187528200,NVDA,0.004800637003917307,0.007612720482217283,False,0.007612720482217283,False
2024-11-05,139.87777709960938,139.91000366210938,140.3699951171875,137.3300018310547,137.4499969482422,160537400,NVDA,0.02837184152782335,0.016106196982532017,False,0.016106196982532017,False
2024-11-06,145.5764617919922,145.61000061035156,146.49000549316406,141.9600067138672,142.9600067138672,242043900,NVDA,0.04074045792366765,0.015444530137241674,False,0.015444530137241674,False
2024-11-07,148.84571838378906,148.8800048828125,148.92999267578125,146.1699981689453,146.38999938964844,207323300,NVDA,0.022457315911882603,0.015026086184394272,False,0.015026086184394272,False
2024-11-08,147.5959930419922,147.6300048828125,149.77000427246094,146.25999450683594,148.77000427246094,175665800,NVDA,-0.00839611213118363,-0.012152945440415341,False,-0.012152945440415341,False
2024-11-11,145.22654724121094,145.25999450683594,148.85000610351562,143.57000732421875,148.67999267578125,182325600,NVDA,-0.01605359164531739,-0.017022655075116133,False,-0.017022655075116133,False
2024-11-12,148.25582885742188,148.2899932861328,149.64999389648438,146.00999450683594,146.77999877929688,198634700,NVDA,0.02085900734925228,0.0237516670006247,False,0.0237516670006247,False
2024-11-13,146.236328125,146.27000427246094,149.3300018310547,145.89999389648438,149.07000732421875,191903300,NVDA,-0.0136217290610815,-0.013853956785905841,False,-0.013853956785905841,False
2024-11-14,146.7261962890625,146.75999450683594,149.0,145.5500030517578,147.63999938964844,194463300,NVDA,0.003349839060809545,0.009399573855668586,False,0.009399573855668586,False
2024-11-15,141.94729614257812,141.97999572753906,145.24000549316406,140.0800018310547,144.8699951171875,250132900,NVDA,-0.03257019037738529,-0.019366700526024072,False,-0.019366700526024072,False
2024-11-18,140.11770629882812,140.14999389648438,141.5500030517578,137.14999389648438,139.5,221205300,NVDA,-0.012889219403744656,-0.016807033798285742,False,-0.016807033798285742,False
2024-11-19,146.97613525390625,147.00999450683594,147.1300048828125,140.99000549316406,141.32000732421875,227834900,NVDA,0.04894762508066752,0.04498404025219749,False,0.04395068165593279,False
2024-11-20,145.8563995361328,145.88999938964844,147.55999755859375,142.72999572753906,147.41000366210938,309871700,NVDA,-0.007618486605591168,-0.007640437467843264,False,-0.007640437467843264,False
2024-11-21,146.63623046875,146.6699981689453,152.88999938964844,140.6999969482422,149.35000610351562,400946600,NVDA,0.005346566452327561,6.104911745907771e-06,False,6.104911745907771e-06,False
2024-11-22,141.9173126220703,141.9499969482422,147.16000366210938,141.10000610351562,145.92999267578125,236406200,NVDA,-0.03218111807426305,-0.035649077169254584,False,-0.035649077169254584,False
2024-11-25,135.98867797851562,136.02000427246094,142.0500030517578,135.82000732421875,141.99000549316406,344941900,NVDA,-0.04177527416505411,-0.04479575447099249,False,-0.03583109060278436,False
2024-11-26,136.8884735107422,136.9199981689453,139.3000030517578,135.6699981689453,137.6999969482422,190287700,NVDA,0.00661669446017199,0.0008946888125416219,False,0.0008946888125416219,False
2024-11-27,135.30882263183594,135.33999633789062,137.22000122070312,131.8000030517578,135.00999450683594,226370900,NVDA,-0.011539692410860947,-0.007738454393420913,False,-0.007738454393420913,False
2024-11-29,138.21817016601562,138.25,139.35000610351562,136.0500030517578,136.77999877929688,141863200,NVDA,0.021501536097877194,0.015893750609061952,False,0.015893750609061952,False
2024-12-02,138.59808349609375,138.6300048828125,140.4499969482422,137.82000732421875,138.8300018310547,171682800,NVDA,0.0027486496863748933,0.0003001932200750179,False,0.0003001932200750179,False
2024-12-03,140.2277069091797,140.25999450683594,140.5399932861328,137.9499969482422,138.25999450683594,164414000,NVDA,0.011757907266674916,0.011306458152160248,False,0.011306458152160248,False
2024-12-04,145.1065673828125,145.13999938964844,145.7899932861328,140.2899932861328,142.0,231224300,NVDA,0.034792414289372076,0.028740996365107296,False,0.028740996365107296,False
2024-12-05,145.03659057617188,145.05999755859375,146.5399932861328,143.9499969482422,145.11000061035156,172621200,NVDA,-0.0004822442423023654,0.0013875313846224424,False,0.0013875313846224424,False
2024-12-06,142.41702270507812,142.44000244140625,145.6999969482422,141.30999755859375,144.60000610351562,188505600,NVDA,-0.018061427538300978,-0.020556881380482506,False,-0.020556881380482506,False
2024-12-09,138.78758239746094,138.80999755859375,139.9499969482422,137.1300048828125,138.97000122070312,189308600,NVDA,-0.025484596143630633,-0.019340382216334162,False,-0.019340382216334162,False
2024-12-10,135.04820251464844,135.07000732421875,141.82000732421875,133.7899932861328,139.00999450683594,210020900,NVDA,-0.026943187698908355,-0.023979304384963984,False,-0.023979304384963984,False
2024-12-11,139.28750610351562,139.30999755859375,140.1699981689453,135.2100067138672,137.36000061035156,184905200,NVDA,0.03139104045762742,0.023225254409393825,False,0.023225254409393825,False
2024-12-12,137.3178253173828,137.33999633789062,138.44000244140625,135.8000030517578,137.0800018310547,159211400,NVDA,-0.01414111603569801,-0.008727093507887806,False,-0.008727093507887806,False
2024-12-13,134.22833251953125,134.25,139.60000610351562,132.5399932861328,138.94000244140625,231514900,NVDA,-0.022498847405359124,-0.022472380766234923,False,-0.022472380766234923,False
2024-12-16,131.9786834716797,132.0,134.39999389648438,130.4199981689453,134.17999267578125,237951100,NVDA,-0.016759867351583302,-0.020559221677605488,False,-0.020559221677605488,False
2024-12-17,130.36895751953125,130.38999938964844,131.58999633789062,126.86000061035156,129.08999633789062,259410300,NVDA,-0.012196863234310573,-0.008332868268509097,False,-0.008332868268509097,False
2024-12-18,128.88919067382812,128.91000366210938,136.6999969482422,128.27999877929688,133.86000061035156,277444500,NVDA,-0.011350607336730656,0.018142239014872774,False,0.018142239014872774,False
2024-12-19,130.6588897705078,130.67999267578125,134.02999877929688,129.5500030517578,131.75999450683594,209719200,NVDA,0.013730391877144754,0.014595504202051801,False,0.014595504202051801,False
2024-12-20,134.67825317382812,134.6999969482422,135.27999877929688,128.22000122070312,129.80999755859375,306528600,NVDA,0.03076226508873603,0.019893141319825558,False,0.019893141319825558,False
2024-12-23,139.64744567871094,139.6699981689453,139.7899932861328,135.1199951171875,136.27999877929688,176053500,NVDA,0.03689676980343015,0.029609496334896512,False,0.029609496334896512,False
2024-12-24,140.19737243652344,140.22000122070312,141.89999389648438,138.64999389648438,140.0,105157000,NVDA,0.003937965031438617,-0.007104794223953492,False,-0.007104794223953492,False
2024-12-26,139.90740966796875,139.92999267578125,140.85000610351562,137.72999572753906,139.6999969482422,116205600,NVDA,-0.0020682468117294572,-0.0016625880252555403,False,-0.0016625880252555403,False
2024-12-27,136.9878692626953,137.00999450683594,139.02000427246094,134.7100067138672,138.5500030517578,170582600,NVDA,-0.020867661063857512,-0.009811924962621954,False,-0.009811924962621954,False
2024-12-30,137.46780395507812,137.49000549316406,140.27000427246094,134.02000427246094,134.8300018310547,167734700,NVDA,0.0035034831548657053,0.01420547885663248,False,0.01420547885663248,False
2024-12-31,134.26832580566406,134.2899932861328,138.07000732421875,133.8300018310547,138.02999877929688,155659200,NVDA,-0.023274381763307983,-0.01898958136838058,False,-0.01898958136838058,False
2025-01-02,138.2876739501953,138.30999755859375,138.8800048828125,134.6300048828125,136.0,198247200,NVDA,0.029935192238478736,0.03215907887970093,False,0.03215907887970093,False
2025-01-03,144.44668579101562,144.47000122070312,144.89999389648438,139.72999572753906,140.00999450683594,229322500,NVDA,0.04453767761715688,0.03194165089566492,False,0.03194165089566492,False
2025-01-06,149.40586853027344,149.42999267578125,152.16000366210938,147.82000732421875,148.58999633789062,265377400,NVDA,0.034332270845125024,0.02879422575967472,False,0.02879422575967472,False
2025-01-07,140.11737060546875,140.13999938964844,153.1300048828125,140.00999450683594,153.02999877929688,351782200,NVDA,-0.06216956546738728,-0.0510656525852794,False,-0.03583109060278436,False
2025-01-08,140.08738708496094,140.11000061035156,143.9499969482422,137.55999755859375,142.5800018310547,227349900,NVDA,-0.00021398860382726426,-0.0017743487947525782,False,-0.0017743487947525782,False
2025-01-10,135.88807678222656,135.91000366210938,139.9199981689453,134.22000122070312,137.4499969482422,207602500,NVDA,-0.029976362541386803,-0.014564718738319993,False,-0.014564718738319993,False
2025-01-13,133.20849609375,133.22999572753906,133.49000549316406,129.50999450683594,129.99000549316406,204808900,NVDA,-0.01971902724600949,-0.021294471334210252,False,-0.021294471334210252,False
2025-01-14,131.7387237548828,131.75999450683594,136.3800048828125,130.0500030517578,136.0500030517578,195590500,NVDA,-0.011033623094376721,-0.012179902905620765,False,-0.012179902905620765,False
2025-01-15,136.218017578125,136.24000549316406,136.4499969482422,131.2899932861328,133.64999389648438,185217300,NVDA,0.03400134520489595,0.015688552925256838,False,0.015688552925256838,False
2025-01-16,133.54844665527344,133.57000732421875,138.75,133.49000549316406,138.63999938964844,209235600,NVDA,-0.019597781338437703,-0.017485091874245406,False,-0.017485091874245406,False
2025-01-17,137.68777465820312,137.7100067138672,138.5,135.4600067138672,136.69000244140625,201188800,NVDA,0.030994954315076928,0.021003895345723222,False,0.021003895345723222,False
2025-01-21,140.80726623535156,140.8300018310547,141.8300018310547,137.08999633789062,139.16000366210938,197749000,NVDA,0.022656271298539643,0.01388804419295675,False,0.01388804419295675,False
2025-01-22,147.04627990722656,147.07000732421875,147.7899932861328,143.6699981689453,144.66000366210938,237651400,NVDA,0.04430889000747196,0.03817094848524438,False,0.03817094848524438,False
2025-01-23,147.1962432861328,147.22000122070312,147.22999572753906,143.72000122070312,145.0500030517578,155915500,NVDA,0.001019837965305026,-0.004293648255106364,False,-0.004293648255106364,False
2025-01-24,142.5969696044922,142.6199951171875,148.97000122070312,141.8800048828125,148.3699951171875,234657600,NVDA,-0.031245863202501445,-0.02839073088310262,False,-0.02839073088310262,False
2025-01-29,123.6800308227539,123.69999694824219,126.88999938964844,120.05000305175781,126.5,467120600,NVDA,-0.04101104751763607,-0.036332151757314524,False,-0.03583109060278436,False
2025-01-30,124.62987518310547,124.6500015258789,125.0,118.0999984741211,123.0999984741211,392925500,NVDA,0.0076798522286332105,0.002404437823321448,False,0.002404437823321448,False
2025-01-31,120.05062103271484,120.06999969482422,127.8499984741211,119.19000244140625,123.77999877929688,388161100,NVDA,-0.036742828664979466,-0.03169600291095953,False,-0.03169600291095953,False
2025-02-03,116.64117431640625,116.66000366210938,118.56999969482422,113.01000213623047,114.75,371235700,NVDA,-0.028400075626260124,-0.020791477941593417,False,-0.020791477941593417,False
2025-02-04,118.63085174560547,118.6500015258789,121.19999694824219,116.69999694824219,116.95999908447266,256550000,NVDA,0.0170581052605141,0.009833223431834348,False,0.009833223431834348,False
2025-02-05,124.80985260009766,124.83000183105469,125.0,120.76000213623047,121.76000213623047,262230800,NVDA,0.05208595204005251,0.04817727910943814,False,0.04395068165593279,False
2025-02-06,128.65921020507812,128.67999267578125,128.77000427246094,125.20999908447266,127.41999816894531,251483600,NVDA,0.030841776709040536,0.027197477986421914,False,0.027197477986421914,False
2025-02-07,129.81903076171875,129.83999633789062,130.3699951171875,125.0,129.22000122070312,228186300,NVDA,0.009014671820166686,0.018479441931709584,False,0.018479441931709584,False
2025-02-10,133.54844665527344,133.57000732421875,135.0,129.9600067138672,130.08999633789062,216989100,NVDA,0.02872780571286171,0.022015264626998876,False,0.022015264626998876,False
2025-02-11,132.77857971191406,132.8000030517578,134.47999572753906,131.02000427246094,132.5800018310547,178902400,NVDA,-0.0057647015943705915,-0.006104284383229852,False,-0.006104284383229852,False
2025-02-12,131.11883544921875,131.13999938964844,132.24000549316406,129.0800018310547,130.02000427246094,160278600,NVDA,-0.012500090498756777,-0.009776223784371041,False,-0.009776223784371041,False
2025-02-13,135.26815795898438,135.2899932861328,136.5,131.1699981689453,131.55999755859375,197430000,NVDA,0.031645510696841184,0.02121921857461051,False,0.02121921857461051,False
2025-02-14,138.8275909423828,138.85000610351562,139.25,135.5,136.47999572753906,195479600,NVDA,0.026313901490975677,0.026385845298470323,False,0.026385845298470323,False
2025-02-18,139.37750244140625,139.39999389648438,143.44000244140625,137.92999267578125,141.27000427246094,219176600,NVDA,0.0039611110103585645,0.001516123235297373,False,0.001516123235297373,False
2025-02-19,139.20751953125,139.22999572753906,141.36000061035156,137.22000122070312,139.50999450683594,167536000,NVDA,-0.0012195864266379974,-0.00359655581655538,False,-0.00359655581655538,False
2025-02-20,140.08738708496094,140.11000061035156,140.66000366210938,136.7899932861328,140.02999877929688,143903600,NVDA,0.00632054616498956,0.01065473124116123,False,0.01065473124116123,False
2025-02-21,134.40829467773438,134.42999267578125,141.4600067138672,134.02999877929688,140.0399932861328,228217600,NVDA,-0.04053964118684206,-0.023475514484278537,False,-0.023475514484278537,False
2025-02-24,130.25897216796875,130.27999877929688,138.58999633789062,130.0800018310547,136.55999755859375,251381100,NVDA,-0.030871030093152285,-0.025901923588749876,False,-0.025901923588749876,False
2025-02-25,126.60955810546875,126.62999725341797,130.1999969482422,124.44000244140625,129.97999572753906,271428700,NVDA,-0.028016604167535486,-0.02333687325206313,False,-0.02333687325206313,False
2025-02-26,131.25881958007812,131.27999877929688,133.72999572753906,128.49000549316406,129.99000549316406,322553800,NVDA,0.036721251887921635,0.03658522760787464,False,0.03658522760787464,False
2025-02-28,124.89983367919922,124.91999816894531,125.08999633789062,116.4000015258789,118.0199966430664,389091100,NVDA,0.039700340898142894,0.023846196263153985,False,0.023846196263153985,False
2025-03-04,115.97127532958984,115.98999786376953,119.30999755859375,110.11000061035156,110.6500015258789,398163300,NVDA,0.016920910491736496,0.02915573709393693,False,0.02915573709393693,False
2025-03-05,117.28106689453125,117.30000305175781,118.27999877929688,114.51000213623047,117.58000183105469,284337900,NVDA,0.011294103313246984,0.00013482542005904818,False,0.00013482542005904818,False
2025-03-06,110.55215454101562,110.56999969482422,115.3499984741211,110.22000122070312,113.52999877929688,321181900,NVDA,-0.05737424233671762,-0.03955523525096771,False,-0.03583109060278436,False
2025-03-07,112.67181396484375,112.69000244140625,113.4800033569336,107.55999755859375,111.25,341755500,NVDA,0.01917338863840712,0.013652770835659078,False,0.013652770835659078,False
2025-03-10,106.96273040771484,106.9800033569336,111.8499984741211,105.45999908447266,109.9000015258789,366487400,NVDA,-0.05067002434974799,-0.023696933044322188,False,-0.023696933044322188,False
2025-03-11,108.74244689941406,108.76000213623047,112.23999786376953,104.7699966430664,106.98999786376953,354865700,NVDA,0.016638659885694684,0.02420652520934785,False,0.02420652520934785,False
2025-03-12,115.73196411132812,115.73999786376953,116.76000213623047,112.87999725341797,114.12000274658203,323857500,NVDA,0.06427588684278285,0.05938901691333642,False,0.04395068165593279,False
2025-03-13,115.57197570800781,115.58000183105469,117.76000213623047,113.79000091552734,117.02999877929688,299033100,NVDA,-0.0013824046325388029,0.012508579574296519,False,0.012508579574296519,False
2025-03-14,121.66155242919922,121.66999816894531,121.87999725341797,118.1500015258789,118.61000061035156,277593500,NVDA,0.05269077286155177,0.031424903778463964,False,0.031424903778463964,False
2025-03-17,119.52169799804688,119.52999877929688,122.88999938964844,118.02999877929688,122.73999786376953,255501500,NVDA,-0.01758858397271912,-0.02400471469182508,False,-0.02400471469182508,False
2025-03-18,115.42198181152344,115.43000030517578,119.0199966430664,114.54000091552734,118.0,299686900,NVDA,-0.034301020276589655,-0.023647508158953112,False,-0.023647508158953112,False
2025-03-19,117.51183319091797,117.5199966430664,120.44999694824219,115.68000030517578,117.2699966430664,273426200,NVDA,0.01810618173934242,0.007307686171447836,False,0.007307686171447836,False
2025-03-20,118.52176666259766,118.52999877929688,120.19999694824219,116.47000122070312,116.55000305175781,248829700,NVDA,0.008594312966242912,0.010779206118558093,False,0.010779206118558093,False
2025-03-21,117.69182586669922,117.69999694824219,117.98999786376953,115.41999816894531,116.94000244140625,266498500,NVDA,-0.007002433555188814,-0.007827087002854949,False,-0.007827087002854949,False
2025-03-24,121.40157318115234,121.41000366210938,122.22000122070312,119.33999633789062,119.87999725341797,228452500,NVDA,0.03152085786021264,0.013874857713578992,False,0.013874857713578992,False
2025-03-25,120.68162536621094,120.69000244140625,121.29000091552734,118.91999816894531,120.55000305175781,167447200,NVDA,-0.005930300539574662,-0.00750463399399981,False,-0.00750463399399981,False
2025-03-26,113.75210571289062,113.76000213623047,118.83999633789062,112.70999908447266,118.7300033569336,293463300,NVDA,-0.05741984028051117,-0.04626290535788402,False,-0.03583109060278436,False
2025-03-27,111.4222640991211,111.43000030517578,114.44999694824219,110.66000366210938,111.3499984741211,236902100,NVDA,-0.02048174492391408,-0.017174764063150216,False,-0.017174764063150216,False
2025-03-28,109.66238403320312,109.66999816894531,112.87000274658203,109.06999969482422,111.48999786376953,229872500,NVDA,-0.015794689509740945,0.003942531198603105,False,0.003942531198603105,False
2025-03-31,108.37247467041016,108.37999725341797,110.95999908447266,103.6500015258789,105.12999725341797,299212700,NVDA,-0.01176255079775046,-0.017301072368403836,False,-0.017301072368403836,False
2025-04-01,110.14234924316406,110.1500015258789,110.19999694824219,106.47000122070312,108.5199966430664,222614000,NVDA,0.016331403136604195,0.012550167680695834,False,0.012550167680695834,False
2025-04-02,110.4123306274414,110.41999816894531,111.9800033569336,106.79000091552734,107.29000091552734,220601200,NVDA,0.0024512041565529774,-0.004276990559239691,False,-0.004276990559239691,False
2025-04-03,101.79293060302734,101.80000305175781,105.62999725341797,101.5999984741211,103.51000213623047,338769400,NVDA,-0.07806555640509083,-0.02966992304518934,False,-0.02966992304518934,False
2025-04-04,94.30345153808594,94.30999755859375,100.12999725341797,92.11000061035156,98.91000366210938,532273800,NVDA,-0.07357563065110018,-0.01382602530556909,False,-0.01382602530556909,False
2025-04-07,97.63321685791016,97.63999938964844,101.75,86.62000274658203,87.45999908447266,611041300,NVDA,0.035309050363649064,0.03764052285577646,False,0.03764052285577646,False
2025-04-08,96.29331970214844,96.30000305175781,105.8499984741211,94.45999908447266,103.80999755859375,476243400,NVDA,-0.013723783758059827,0.001976740804881527,False,0.001976740804881527,False
2025-04-10,107.56253051757812,107.56999969482422,110.86000061035156,99.1500015258789,109.37000274658203,437812400,NVDA,-0.05912707604784995,-0.024519496463123014,False,-0.024519496463123014,False
2025-04-11,110.92229461669922,110.93000030517578,111.55000305175781,107.4800033569336,108.5,313417300,NVDA,0.03123545051380172,0.013143355312092764,False,0.013143355312092764,False
2025-04-14,110.70230865478516,110.70999908447266,114.29000091552734,109.06999969482422,114.11000061035156,264705000,NVDA,-0.001983243879638774,-0.009927956270507687,False,-0.009927956270507687,False
2025-04-15,112.19220733642578,112.19999694824219,113.62000274658203,110.5,110.97000122070312,228966900,NVDA,0.013458605333035445,0.01518638622343016,False,0.01518638622343016,False
2025-04-16,104.48274230957031,104.48999786376953,106.79000091552734,100.44999694824219,104.55000305175781,397016900,NVDA,-0.06871658210393738,-0.046308210559847685,False,-0.03583109060278436,False
2025-04-17,101.48294830322266,101.48999786376953,104.47000122070312,100.05000305175781,104.44999694824219,292517500,NVDA,-0.02871090421286615,-0.030037742308446358,False,-0.030037742308446358,False
2025-04-21,96.90327453613281,96.91000366210938,99.44000244140625,95.04000091552734,98.7699966430664,288501100,NVDA,-0.04512751988054342,-0.021560026856715875,False,-0.021560026856715875,False
2025-04-22,98.88313293457031,98.88999938964844,99.80999755859375,97.27999877929688,98.77999877929688,241004800,NVDA,0.02043128478284051,-0.004685919941054717,False,-0.004685919941054717,False
2025-04-23,102.70286560058594,102.70999908447266,104.80000305175781,102.0199966430664,104.5199966430664,247526000,NVDA,0.03862875854209724,0.021967620071137173,False,0.021967620071137173,False
2025-04-24,106.422607421875,106.43000030517578,106.54000091552734,103.11000061035156,103.4800033569336,220815000,NVDA,0.036218481339705066,0.015959367631423804,False,0.015959367631423804,False
2025-04-25,111.0022964477539,111.01000213623047,111.91999816894531,105.7300033569336,106.8499984741211,251064700,NVDA,0.04303304661315366,0.0356599131431552,False,0.0356599131431552,False
2025-04-28,108.72245025634766,108.7300033569336,110.37000274658203,106.0199966430664,109.69000244140625,207708500,NVDA,-0.020538729957531254,-0.021179436661444395,False,-0.021179436661444395,False
2025-04-29,109.0124282836914,109.0199966430664,110.19999694824219,107.44000244140625,107.66999816894531,170444300,NVDA,0.002667140288505676,-0.00313527040559336,False,-0.00313527040559336,False
2025-04-30,108.91243743896484,108.91999816894531,108.91999816894531,104.08000183105469,104.47000122070312,235044600,NVDA,-0.0009172426144508083,-0.0023972339742164284,False,-0.0023972339742164284,False
2025-05-01,111.60224914550781,111.61000061035156,114.94000244140625,111.30000305175781,113.08000183105469,236121500,NVDA,0.024697011377147415,0.01839790923856177,False,0.01839790923856177,False
2025-05-02,114.49205017089844,114.5,115.4000015258789,113.37000274658203,114.18000030517578,190194800,NVDA,0.025893752567861528,0.011167178438226788,False,0.011167178438226788,False
2025-05-05,113.81209564208984,113.81999969482422,114.66999816894531,112.66000366210938,112.91000366210938,133163200,NVDA,-0.005938879841819955,0.00044271774711390766,False,0.00044271774711390766,False
2025-05-06,113.53211975097656,113.54000091552734,114.73999786376953,110.81999969482422,111.4800033569336,158525600,NVDA,-0.0024599836206665726,0.00523325603118896,False,0.00523325603118896,False
2025-05-07,117.05187225341797,117.05999755859375,117.68000030517578,112.27999877929688,113.05000305175781,206758800,NVDA,0.03100226182829746,0.026655905595161622,False,0.026655905595161622,False
2025-05-08,117.36185455322266,117.37000274658203,118.68000030517578,115.8499984741211,118.25,198428100,NVDA,0.002648247258562275,-0.00315152783627326,False,-0.00315152783627326,False
2025-05-09,116.64189910888672,116.6500015258789,118.2300033569336,115.20999908447266,117.3499984741211,132972200,NVDA,-0.006134492736815433,-0.005423011824599144,False,-0.005423011824599144,False
2025-05-12,122.99146270751953,123.0,123.0,120.27999877929688,121.97000122070312,225023300,NVDA,0.05443638732858269,0.021877604579574328,False,0.021877604579574328,False
2025-05-13,129.9209747314453,129.92999267578125,131.22000122070312,124.47000122070312,124.9800033569336,330430100,NVDA,0.05634140672352639,0.049093205739994206,False,0.04395068165593279,False
2025-05-14,135.33059692382812,135.33999633789062,135.44000244140625,131.67999267578125,133.1999969482422,281180800,NVDA,0.041637789460591934,0.040613373862732116,False,0.040613373862732116,False
2025-05-15,134.8206329345703,134.8300018310547,136.3000030517578,132.66000366210938,134.2899932861328,226632600,NVDA,-0.003768283011009288,-0.007900615085145057,False,-0.007900615085145057,False
2025-05-16,135.39059448242188,135.39999389648438,136.35000610351562,133.4600067138672,136.22000122070312,226542500,NVDA,0.004227554310089587,-0.0027777179848089695,False,-0.0027777179848089695,False
2025-05-19,135.5605926513672,135.57000732421875,135.8699951171875,132.38999938964844,132.38999938964844,193154600,NVDA,0.0012556128407235079,0.0003794997115811327,False,0.0003794997115811327,False
2025-05-20,134.37066650390625,134.3800048828125,134.5800018310547,132.6199951171875,134.2899932861328,161514200,NVDA,-0.00877781753670237,-0.004897588088077165,False,-0.004897588088077165,False
2025-05-21,131.7908477783203,131.8000030517578,137.39999389648438,130.58999633789062,133.05999755859375,270608700,NVDA,-0.019199270143613778,-0.003064139482599537,False,-0.003064139482599537,False
2025-05-22,132.82078552246094,132.8300018310547,134.25,131.5500030517578,132.22999572753906,187344000,NVDA,0.007814941336996561,0.008259812374939557,False,0.008259812374939557,False
2025-05-23,131.2808837890625,131.2899932861328,132.67999267578125,129.16000366210938,130.0,198821300,NVDA,-0.011593830945518913,-0.0048855331201972385,False,-0.0048855331201972385,False
2025-05-27,135.49058532714844,135.5,135.66000366210938,133.30999755859375,134.14999389648438,192953600,NVDA,0.03206637110129407,0.011607315256020767,False,0.011607315256020767,False
2025-05-28,134.80064392089844,134.80999755859375,137.25,134.7899932861328,136.02999877929688,304021100,NVDA,-0.00509217230543435,0.00047905311183449317,False,0.00047905311183449317,False
2025-05-29,139.1803436279297,139.19000244140625,143.49000549316406,137.91000366210938,142.25,369241900,NVDA,0.03249019870855574,0.028479004446651413,False,0.028479004446651413,False
2025-05-30,135.12062072753906,135.1300048828125,139.6199951171875,132.9199981689453,138.72000122070312,333170900,NVDA,-0.02916879492152613,-0.02908760976022451,False,-0.02908760976022451,False
2025-06-02,137.37046813964844,137.3800048828125,138.1199951171875,135.39999389648438,135.49000549316406,197663100,NVDA,0.016650659240576182,0.012548617313419275,False,0.012548617313419275,False
2025-06-03,141.21018981933594,141.22000122070312,142.0,137.9499969482422,138.77999877929688,225578800,NVDA,0.027951580362848505,0.022151289908243,False,0.022151289908243,False
2025-06-04,141.91014099121094,141.9199981689453,142.38999938964844,139.5399932861328,142.19000244140625,167120800,NVDA,0.004956803561913636,0.0048831161024069925,False,0.0048831161024069925,False
2025-06-05,139.98028564453125,139.99000549316406,144.0,138.8300018310547,142.1699981689453,231397900,NVDA,-0.013599136278775292,-0.008321752875681154,False,-0.008321752875681154,False
2025-06-06,141.7101593017578,141.72000122070312,143.27000427246094,141.50999450683594,142.50999450683594,153986200,NVDA,0.01235798062035287,0.002077297610284967,False,0.002077297610284967,False
2025-06-09,142.62010192871094,142.6300048828125,145.0,141.94000244140625,143.19000244140625,185114500,NVDA,0.006421153087659004,0.0055012050083731445,False,0.0055012050083731445,False
2025-06-10,143.95001220703125,143.9600067138672,144.2899932861328,141.52999877929688,142.69000244140625,155881900,NVDA,0.009324844536887644,0.003841855129209204,False,0.003841855129209204,False
2025-06-11,142.8300018310547,142.8300018310547,144.99000549316406,141.8699951171875,144.61000061035156,167694000,NVDA,-0.007780550753727966,-0.005036661799120101,False,-0.005036661799120101,False
2025-06-12,145.0,145.0,145.0,141.85000610351562,141.97000122070312,162365000,NVDA,0.01519287363387467,0.011370453678157144,False,0.011370453678157144,False
2025-06-13,141.97000122070312,141.97000122070312,143.5800018310547,140.85000610351562,142.47999572753906,180820600,NVDA,-0.02089654330549573,-0.009600163426245034,False,-0.009600163426245034,False
2025-06-16,144.69000244140625,144.69000244140625,146.17999267578125,143.1999969482422,143.35000610351562,183133700,NVDA,0.019158985682296903,0.009766325786137786,False,0.009766325786137786,False
2025-06-17,144.1199951171875,144.1199951171875,145.22000122070312,143.77999877929688,144.49000549316406,139108000,NVDA,-0.003939507323248437,0.004412677466917869,False,0.004412677466917869,False
2025-06-18,145.47999572753906,145.47999572753906,145.64999389648438,143.1199951171875,144.00999450683594,161494100,NVDA,0.009436585181991752,0.009745825392098784,False,0.009745825392098784,False
2025-06-20,143.85000610351562,143.85000610351562,146.1999969482422,142.64999389648438,145.4499969482422,242956200,NVDA,-0.011204218256069765,-0.009025559769563873,False,-0.009025559769563873,False
2025-06-23,144.1699981689453,144.1699981689453,144.77999877929688,142.02999877929688,142.5,154308900,NVDA,0.0022244841977929752,-0.00738201993536336,False,-0.00738201993536336,False
2025-06-24,147.89999389648438,147.89999389648438,147.9600067138672,145.5,145.55999755859375,187566100,NVDA,0.02587220486170838,0.01475048468200657,False,0.01475048468200657,False
2025-06-25,154.30999755859375,154.30999755859375,154.4499969482422,149.25999450683594,149.27000427246094,269146500,NVDA,0.04334012120781927,0.04334340731076969,False,0.04334340731076969,False
2025-06-26,155.02000427246094,155.02000427246094,156.72000122070312,154.0,155.97999572753906,198145700,NVDA,0.00460117118203951,-0.003418950093190709,False,-0.003418950093190709,False
2025-06-27,157.75,157.75,158.7100067138672,155.25999450683594,156.0399932861328,263234500,NVDA,0.01761060284026872,0.012391631955046556,False,0.012391631955046556,False
2025-06-30,157.99000549316406,157.99000549316406,158.66000366210938,155.9600067138672,158.39999389648438,194580300,NVDA,0.0015214294336867162,-0.0036429979908458865,False,-0.0036429979908458865,False
2025-07-01,153.3000030517578,153.3000030517578,157.1999969482422,151.49000549316406,156.2899932861328,213143600,NVDA,-0.029685437548827576,-0.028566906461705677,False,-0.028566906461705677,False
2025-07-02,157.25,157.25,157.60000610351562,152.97000122070312,152.97999572753906,171224100,NVDA,0.025766450551919284,0.02102135376083125,False,0.02102135376083125,False
2025-07-03,159.33999633789062,159.33999633789062,160.97999572753906,157.77000427246094,158.3699951171875,143716100,NVDA,0.013290914708366408,0.0049519595017590845,False,0.0049519595017590845,False
2025-07-07,158.24000549316406,158.24000549316406,159.30999755859375,157.33999633789062,158.1999969482422,140139000,NVDA,-0.006903419543163314,0.0009588777359654799,False,0.0009588777359654799,False
2025-07-08,160.0,160.0,160.22000122070312,158.38999938964844,159.3300018310547,138133000,NVDA,0.011122310703610028,0.011838197584704724,False,0.011838197584704724,False
2025-07-09,162.8800048828125,162.8800048828125,164.4199981689453,161.16000366210938,161.22000122070312,183656400,NVDA,0.018000030517578036,0.011937927114914482,False,0.011937927114914482,False
2025-07-10,164.10000610351562,164.10000610351562,164.5,161.61000061035156,164.32000732421875,167704100,NVDA,0.007490184087241891,0.004743979082796557,False,0.004743979082796557,False
2025-07-11,164.9199981689453,164.9199981689453,167.88999938964844,163.47000122070312,163.72000122070312,193633300,NVDA,0.004996904539494196,0.00829442750219267,False,0.00829442750219267,False
2025-07-14,164.07000732421875,164.07000732421875,165.49000549316406,162.02000427246094,165.3699951171875,136975800,NVDA,-0.005153958611228138,-0.006561372420685441,False,-0.006561372420685441,False
2025-07-15,170.6999969482422,170.6999969482422,172.39999389648438,169.1999969482422,171.19000244140625,230627400,NVDA,0.04040951623121414,0.04436581444594534,False,0.04395068165593279,False
2025-07-16,171.3699951171875,171.3699951171875,171.75,168.89999389648438,171.05999755859375,158831500,NVDA,0.003925003989006859,0.0007313465716791701,False,0.0007313465716791701,False
2025-07-17,173.0,173.0,174.16000366210938,170.8300018310547,172.02000427246094,160841100,NVDA,0.009511611888054494,0.004137844479145114,False,0.004137844479145114,False
2025-07-18,172.41000366210938,172.41000366210938,174.25,171.25999450683594,173.63999938964844,146456400,NVDA,-0.003410383456015187,-0.0033198972473307276,False,-0.0033198972473307276,False
2025-07-21,171.3800048828125,171.3800048828125,173.3800048828125,171.0,172.75,123126100,NVDA,-0.005974124223762978,-0.007373259106631336,False,-0.007373259106631336,False
2025-07-22,167.02999877929688,167.02999877929688,171.38999938964844,164.5800018310547,171.33999633789062,193114300,NVDA,-0.025382226511722283,-0.02601975814534807,False,-0.02601975814534807,False
2025-07-23,170.77999877929688,170.77999877929688,171.25999450683594,167.97000122070312,169.52999877929688,154082200,NVDA,0.022451056860480545,0.014639169908961414,False,0.014639169908961414,False
2025-07-24,173.74000549316406,173.74000549316406,173.8300018310547,171.3000030517578,172.44000244140625,128984600,NVDA,0.01733227974601692,0.016634056104362527,False,0.016634056104362527,False
2025-07-25,173.5,173.5,174.72000122070312,172.9600067138672,173.61000061035156,122316800,NVDA,-0.001381406041071509,-0.005355733820367359,False,-0.005355733820367359,False
2025-07-28,176.75,176.75,177.0,173.97000122070312,174.02000427246094,140023500,NVDA,0.018731988472622474,0.018555130363804295,False,0.018555130363804295,False
2025-07-29,175.50999450683594,175.50999450683594,179.3800048828125,175.02000427246094,177.9600067138672,154077500,NVDA,-0.007015589777448761,-0.004056147388724507,False,-0.004056147388724507,False
2025-07-30,179.27000427246094,179.27000427246094,179.88999938964844,176.0399932861328,176.50999450683594,174312200,NVDA,0.021423337036675427,0.02267276978332511,False,0.02267276978332511,False
2025-07-31,177.8699951171875,177.8699951171875,183.3000030517578,175.92999267578125,182.89999389648438,221685400,NVDA,-0.007809500317440987,-0.004114680976287977,False,-0.004114680976287977,False
2025-08-01,173.72000122070312,173.72000122070312,176.5399932861328,170.88999938964844,174.08999633789062,204529000,NVDA,-0.023331613034284993,-0.007339479894136525,False,-0.007339479894136525,False
2025-08-04,180.0,180.0,180.1999969482422,174.52000427246094,175.16000366210938,148174600,NVDA,0.036150119359707134,0.021413019028791114,False,0.021413019028791114,False
2025-08-05,178.25999450683594,178.25999450683594,180.25999450683594,175.89999389648438,179.6199951171875,156407600,NVDA,-0.009666697184244843,-0.004808831187941509,False,-0.004808831187941509,False
2025-08-06,179.4199981689453,179.4199981689453,179.89999389648438,176.25,176.3300018310547,137192300,NVDA,0.006507369560503795,-0.0007745377345886872,False,-0.0007745377345886872,False
2025-08-07,180.77000427246094,180.77000427246094,183.8800048828125,178.8000030517578,181.57000732421875,151878400,NVDA,0.0075242788835858665,0.008321758899066056,False,0.008321758899066056,False
2025-08-08,182.6999969482422,182.6999969482422,183.3000030517578,180.39999389648438,181.5500030517578,123396700,NVDA,0.010676509543432466,0.0028767941944576325,False,0.0028767941944576325,False
2025-08-11,182.05999755859375,182.05999755859375,183.83999633789062,180.25,182.0500030517578,138323200,NVDA,-0.0035030071173440813,-0.000998879295557753,False,-0.000998879295557753,False
2025-08-12,183.16000366210938,183.16000366210938,184.47999572753906,179.4600067138672,182.9600067138672,145485700,NVDA,0.006041997793400977,-0.005303438053211762,False,-0.005303438053211762,False
2025-08-13,181.58999633789062,181.58999633789062,183.97000122070312,179.35000610351562,182.6199951171875,179871700,NVDA,-0.008571780371412707,-0.011801859253817604,False,-0.011801859253817604,False
2025-08-14,182.02000427246094,182.02000427246094,183.02000427246094,179.4600067138672,179.75,129554000,NVDA,0.0023680155473442266,0.0020649247460517994,False,0.0020649247460517994,False
2025-08-15,180.4499969482422,180.4499969482422,181.89999389648438,178.0399932861328,181.8800048828125,156602200,NVDA,-0.00862546581346435,-0.0057283307162352415,False,-0.0057283307162352415,False
2025-08-18,182.00999450683594,182.00999450683594,182.94000244140625,180.58999633789062,180.60000610351562,132008000,NVDA,0.008645040648247893,0.008745803829033338,False,0.008745803829033338,False
