age,income,score,zipcode,city
-0.7973247739135679,0.7300956427599686,-0.19611613513818418,90210,Beverly
0.7973247739135679,0.1327446623199939,1.5689290811054735,10001,New York
-1.5221654774713569,-1.858425272479922,-0.19611613513818418,60614,Chicago
1.5221654774713569,1.3274466231999433,-1.372812945967287,94103,SF
-0.2174522110673367,0.1327446623199939,0.9805806756909209,73301,Austin
0.2174522110673367,-0.4646063181199808,-0.7844645405527345,94105,San Francisco
